TIMESTAMP,Calandrier
1,HCH
2,HCH
3,HCH
4,HCH
5,HCH
6,HCH
7,P
8,P
9,HPH
10,HPH
11,HPH
12,HPH
13,HPH
14,HPH
15,HPH
16,HPH
17,HPH
18,HPH
19,P
20,P
21,HPH
22,HPH
23,HCH
24,HCH
25,HCH
26,HCH
27,HCH
28,HCH
29,HCH
30,HCH
31,P
32,P
33,HPH
34,HPH
35,HPH
36,HPH
37,HPH
38,HPH
39,HPH
40,HPH
41,HPH
42,HPH
43,P
44,P
45,HPH
46,HPH
47,HCH
48,HCH
49,HCH
50,HCH
51,HCH
52,HCH
53,HCH
54,HCH
55,P
56,P
57,HPH
58,HPH
59,HPH
60,HPH
61,HPH
62,HPH
63,HPH
64,HPH
65,HPH
66,HPH
67,P
68,P
69,HPH
70,HPH
71,HCH
72,HCH
73,HCH
74,HCH
75,HCH
76,HCH
77,HCH
78,HCH
79,P
80,P
81,HPH
82,HPH
83,HPH
84,HPH
85,HPH
86,HPH
87,HPH
88,HPH
89,HPH
90,HPH
91,P
92,P
93,HPH
94,HPH
95,HCH
96,HCH
97,HCH
98,HCH
99,HCH
100,HCH
101,HCH
102,HCH
103,P
104,P
105,HPH
106,HPH
107,HPH
108,HPH
109,HPH
110,HPH
111,HPH
112,HPH
113,HPH
114,HPH
115,P
116,P
117,HPH
118,HPH
119,HCH
120,HCH
121,HCH
122,HCH
123,HCH
124,HCH
125,HCH
126,HCH
127,P
128,P
129,HPH
130,HPH
131,HPH
132,HPH
133,HPH
134,HPH
135,HPH
136,HPH
137,HPH
138,HPH
139,P
140,P
141,HPH
142,HPH
143,HCH
144,HCH
145,HCH
146,HCH
147,HCH
148,HCH
149,HCH
150,HCH
151,P
152,P
153,HPH
154,HPH
155,HPH
156,HPH
157,HPH
158,HPH
159,HPH
160,HPH
161,HPH
162,HPH
163,P
164,P
165,HPH
166,HPH
167,HCH
168,HCH
169,HCH
170,HCH
171,HCH
172,HCH
173,HCH
174,HCH
175,P
176,P
177,HPH
178,HPH
179,HPH
180,HPH
181,HPH
182,HPH
183,HPH
184,HPH
185,HPH
186,HPH
187,P
188,P
189,HPH
190,HPH
191,HCH
192,HCH
193,HCH
194,HCH
195,HCH
196,HCH
197,HCH
198,HCH
199,P
200,P
201,HPH
202,HPH
203,HPH
204,HPH
205,HPH
206,HPH
207,HPH
208,HPH
209,HPH
210,HPH
211,P
212,P
213,HPH
214,HPH
215,HCH
216,HCH
217,HCH
218,HCH
219,HCH
220,HCH
221,HCH
222,HCH
223,P
224,P
225,HPH
226,HPH
227,HPH
228,HPH
229,HPH
230,HPH
231,HPH
232,HPH
233,HPH
234,HPH
235,P
236,P
237,HPH
238,HPH
239,HCH
240,HCH
241,HCH
242,HCH
243,HCH
244,HCH
245,HCH
246,HCH
247,P
248,P
249,HPH
250,HPH
251,HPH
252,HPH
253,HPH
254,HPH
255,HPH
256,HPH
257,HPH
258,HPH
259,P
260,P
261,HPH
262,HPH
263,HCH
264,HCH
265,HCH
266,HCH
267,HCH
268,HCH
269,HCH
270,HCH
271,P
272,P
273,HPH
274,HPH
275,HPH
276,HPH
277,HPH
278,HPH
279,HPH
280,HPH
281,HPH
282,HPH
283,P
284,P
285,HPH
286,HPH
287,HCH
288,HCH
289,HCH
290,HCH
291,HCH
292,HCH
293,HCH
294,HCH
295,P
296,P
297,HPH
298,HPH
299,HPH
300,HPH
301,HPH
302,HPH
303,HPH
304,HPH
305,HPH
306,HPH
307,P
308,P
309,HPH
310,HPH
311,HCH
312,HCH
313,HCH
314,HCH
315,HCH
316,HCH
317,HCH
318,HCH
319,P
320,P
321,HPH
322,HPH
323,HPH
324,HPH
325,HPH
326,HPH
327,HPH
328,HPH
329,HPH
330,HPH
331,P
332,P
333,HPH
334,HPH
335,HCH
336,HCH
337,HCH
338,HCH
339,HCH
340,HCH
341,HCH
342,HCH
343,P
344,P
345,HPH
346,HPH
347,HPH
348,HPH
349,HPH
350,HPH
351,HPH
352,HPH
353,HPH
354,HPH
355,P
356,P
357,HPH
358,HPH
359,HCH
360,HCH
361,HCH
362,HCH
363,HCH
364,HCH
365,HCH
366,HCH
367,P
368,P
369,HPH
370,HPH
371,HPH
372,HPH
373,HPH
374,HPH
375,HPH
376,HPH
377,HPH
378,HPH
379,P
380,P
381,HPH
382,HPH
383,HCH
384,HCH
385,HCH
386,HCH
387,HCH
388,HCH
389,HCH
390,HCH
391,P
392,P
393,HPH
394,HPH
395,HPH
396,HPH
397,HPH
398,HPH
399,HPH
400,HPH
401,HPH
402,HPH
403,P
404,P
405,HPH
406,HPH
407,HCH
408,HCH
409,HCH
410,HCH
411,HCH
412,HCH
413,HCH
414,HCH
415,P
416,P
417,HPH
418,HPH
419,HPH
420,HPH
421,HPH
422,HPH
423,HPH
424,HPH
425,HPH
426,HPH
427,P
428,P
429,HPH
430,HPH
431,HCH
432,HCH
433,HCH
434,HCH
435,HCH
436,HCH
437,HCH
438,HCH
439,P
440,P
441,HPH
442,HPH
443,HPH
444,HPH
445,HPH
446,HPH
447,HPH
448,HPH
449,HPH
450,HPH
451,P
452,P
453,HPH
454,HPH
455,HCH
456,HCH
457,HCH
458,HCH
459,HCH
460,HCH
461,HCH
462,HCH
463,P
464,P
465,HPH
466,HPH
467,HPH
468,HPH
469,HPH
470,HPH
471,HPH
472,HPH
473,HPH
474,HPH
475,P
476,P
477,HPH
478,HPH
479,HCH
480,HCH
481,HCH
482,HCH
483,HCH
484,HCH
485,HCH
486,HCH
487,P
488,P
489,HPH
490,HPH
491,HPH
492,HPH
493,HPH
494,HPH
495,HPH
496,HPH
497,HPH
498,HPH
499,P
500,P
501,HPH
502,HPH
503,HCH
504,HCH
505,HCH
506,HCH
507,HCH
508,HCH
509,HCH
510,HCH
511,P
512,P
513,HPH
514,HPH
515,HPH
516,HPH
517,HPH
518,HPH
519,HPH
520,HPH
521,HPH
522,HPH
523,P
524,P
525,HPH
526,HPH
527,HCH
528,HCH
529,HCH
530,HCH
531,HCH
532,HCH
533,HCH
534,HCH
535,P
536,P
537,HPH
538,HPH
539,HPH
540,HPH
541,HPH
542,HPH
543,HPH
544,HPH
545,HPH
546,HPH
547,P
548,P
549,HPH
550,HPH
551,HCH
552,HCH
553,HCH
554,HCH
555,HCH
556,HCH
557,HCH
558,HCH
559,P
560,P
561,HPH
562,HPH
563,HPH
564,HPH
565,HPH
566,HPH
567,HPH
568,HPH
569,HPH
570,HPH
571,P
572,P
573,HPH
574,HPH
575,HCH
576,HCH
577,HCH
578,HCH
579,HCH
580,HCH
581,HCH
582,HCH
583,P
584,P
585,HPH
586,HPH
587,HPH
588,HPH
589,HPH
590,HPH
591,HPH
592,HPH
593,HPH
594,HPH
595,P
596,P
597,HPH
598,HPH
599,HCH
600,HCH
601,HCH
602,HCH
603,HCH
604,HCH
605,HCH
606,HCH
607,P
608,P
609,HPH
610,HPH
611,HPH
612,HPH
613,HPH
614,HPH
615,HPH
616,HPH
617,HPH
618,HPH
619,P
620,P
621,HPH
622,HPH
623,HCH
624,HCH
625,HCH
626,HCH
627,HCH
628,HCH
629,HCH
630,HCH
631,P
632,P
633,HPH
634,HPH
635,HPH
636,HPH
637,HPH
638,HPH
639,HPH
640,HPH
641,HPH
642,HPH
643,P
644,P
645,HPH
646,HPH
647,HCH
648,HCH
649,HCH
650,HCH
651,HCH
652,HCH
653,HCH
654,HCH
655,P
656,P
657,HPH
658,HPH
659,HPH
660,HPH
661,HPH
662,HPH
663,HPH
664,HPH
665,HPH
666,HPH
667,P
668,P
669,HPH
670,HPH
671,HCH
672,HCH
673,HCH
674,HCH
675,HCH
676,HCH
677,HCH
678,HCH
679,P
680,P
681,HPH
682,HPH
683,HPH
684,HPH
685,HPH
686,HPH
687,HPH
688,HPH
689,HPH
690,HPH
691,P
692,P
693,HPH
694,HPH
695,HCH
696,HCH
697,HCH
698,HCH
699,HCH
700,HCH
701,HCH
702,HCH
703,P
704,P
705,HPH
706,HPH
707,HPH
708,HPH
709,HPH
710,HPH
711,HPH
712,HPH
713,HPH
714,HPH
715,P
716,P
717,HPH
718,HPH
719,HCH
720,HCH
721,HCH
722,HCH
723,HCH
724,HCH
725,HCH
726,HCH
727,P
728,P
729,HPH
730,HPH
731,HPH
732,HPH
733,HPH
734,HPH
735,HPH
736,HPH
737,HPH
738,HPH
739,P
740,P
741,HPH
742,HPH
743,HCH
744,HCH
745,HCH
746,HCH
747,HCH
748,HCH
749,HCH
750,HCH
751,P
752,P
753,HPH
754,HPH
755,HPH
756,HPH
757,HPH
758,HPH
759,HPH
760,HPH
761,HPH
762,HPH
763,P
764,P
765,HPH
766,HPH
767,HCH
768,HCH
769,HCH
770,HCH
771,HCH
772,HCH
773,HCH
774,HCH
775,P
776,P
777,HPH
778,HPH
779,HPH
780,HPH
781,HPH
782,HPH
783,HPH
784,HPH
785,HPH
786,HPH
787,P
788,P
789,HPH
790,HPH
791,HCH
792,HCH
793,HCH
794,HCH
795,HCH
796,HCH
797,HCH
798,HCH
799,P
800,P
801,HPH
802,HPH
803,HPH
804,HPH
805,HPH
806,HPH
807,HPH
808,HPH
809,HPH
810,HPH
811,P
812,P
813,HPH
814,HPH
815,HCH
816,HCH
817,HCH
818,HCH
819,HCH
820,HCH
821,HCH
822,HCH
823,P
824,P
825,HPH
826,HPH
827,HPH
828,HPH
829,HPH
830,HPH
831,HPH
832,HPH
833,HPH
834,HPH
835,P
836,P
837,HPH
838,HPH
839,HCH
840,HCH
841,HCH
842,HCH
843,HCH
844,HCH
845,HCH
846,HCH
847,P
848,P
849,HPH
850,HPH
851,HPH
852,HPH
853,HPH
854,HPH
855,HPH
856,HPH
857,HPH
858,HPH
859,P
860,P
861,HPH
862,HPH
863,HCH
864,HCH
865,HCH
866,HCH
867,HCH
868,HCH
869,HCH
870,HCH
871,P
872,P
873,HPH
874,HPH
875,HPH
876,HPH
877,HPH
878,HPH
879,HPH
880,HPH
881,HPH
882,HPH
883,P
884,P
885,HPH
886,HPH
887,HCH
888,HCH
889,HCH
890,HCH
891,HCH
892,HCH
893,HCH
894,HCH
895,P
896,P
897,HPH
898,HPH
899,HPH
900,HPH
901,HPH
902,HPH
903,HPH
904,HPH
905,HPH
906,HPH
907,P
908,P
909,HPH
910,HPH
911,HCH
912,HCH
913,HCH
914,HCH
915,HCH
916,HCH
917,HCH
918,HCH
919,P
920,P
921,HPH
922,HPH
923,HPH
924,HPH
925,HPH
926,HPH
927,HPH
928,HPH
929,HPH
930,HPH
931,P
932,P
933,HPH
934,HPH
935,HCH
936,HCH
937,HCH
938,HCH
939,HCH
940,HCH
941,HCH
942,HCH
943,P
944,P
945,HPH
946,HPH
947,HPH
948,HPH
949,HPH
950,HPH
951,HPH
952,HPH
953,HPH
954,HPH
955,P
956,P
957,HPH
958,HPH
959,HCH
960,HCH
961,HCH
962,HCH
963,HCH
964,HCH
965,HCH
966,HCH
967,P
968,P
969,HPH
970,HPH
971,HPH
972,HPH
973,HPH
974,HPH
975,HPH
976,HPH
977,HPH
978,HPH
979,P
980,P
981,HPH
982,HPH
983,HCH
984,HCH
985,HCH
986,HCH
987,HCH
988,HCH
989,HCH
990,HCH
991,P
992,P
993,HPH
994,HPH
995,HPH
996,HPH
997,HPH
998,HPH
999,HPH
1000,HPH
1001,HPH
1002,HPH
1003,P
1004,P
1005,HPH
1006,HPH
1007,HCH
1008,HCH
1009,HCH
1010,HCH
1011,HCH
1012,HCH
1013,HCH
1014,HCH
1015,P
1016,P
1017,HPH
1018,HPH
1019,HPH
1020,HPH
1021,HPH
1022,HPH
1023,HPH
1024,HPH
1025,HPH
1026,HPH
1027,P
1028,P
1029,HPH
1030,HPH
1031,HCH
1032,HCH
1033,HCH
1034,HCH
1035,HCH
1036,HCH
1037,HCH
1038,HCH
1039,P
1040,P
1041,HPH
1042,HPH
1043,HPH
1044,HPH
1045,HPH
1046,HPH
1047,HPH
1048,HPH
1049,HPH
1050,HPH
1051,P
1052,P
1053,HPH
1054,HPH
1055,HCH
1056,HCH
1057,HCH
1058,HCH
1059,HCH
1060,HCH
1061,HCH
1062,HCH
1063,P
1064,P
1065,HPH
1066,HPH
1067,HPH
1068,HPH
1069,HPH
1070,HPH
1071,HPH
1072,HPH
1073,HPH
1074,HPH
1075,P
1076,P
1077,HPH
1078,HPH
1079,HCH
1080,HCH
1081,HCH
1082,HCH
1083,HCH
1084,HCH
1085,HCH
1086,HCH
1087,P
1088,P
1089,HPH
1090,HPH
1091,HPH
1092,HPH
1093,HPH
1094,HPH
1095,HPH
1096,HPH
1097,HPH
1098,HPH
1099,P
1100,P
1101,HPH
1102,HPH
1103,HCH
1104,HCH
1105,HCH
1106,HCH
1107,HCH
1108,HCH
1109,HCH
1110,HCH
1111,P
1112,P
1113,HPH
1114,HPH
1115,HPH
1116,HPH
1117,HPH
1118,HPH
1119,HPH
1120,HPH
1121,HPH
1122,HPH
1123,P
1124,P
1125,HPH
1126,HPH
1127,HCH
1128,HCH
1129,HCH
1130,HCH
1131,HCH
1132,HCH
1133,HCH
1134,HCH
1135,P
1136,P
1137,HPH
1138,HPH
1139,HPH
1140,HPH
1141,HPH
1142,HPH
1143,HPH
1144,HPH
1145,HPH
1146,HPH
1147,P
1148,P
1149,HPH
1150,HPH
1151,HCH
1152,HCH
1153,HCH
1154,HCH
1155,HCH
1156,HCH
1157,HCH
1158,HCH
1159,P
1160,P
1161,HPH
1162,HPH
1163,HPH
1164,HPH
1165,HPH
1166,HPH
1167,HPH
1168,HPH
1169,HPH
1170,HPH
1171,P
1172,P
1173,HPH
1174,HPH
1175,HCH
1176,HCH
1177,HCH
1178,HCH
1179,HCH
1180,HCH
1181,HCH
1182,HCH
1183,P
1184,P
1185,HPH
1186,HPH
1187,HPH
1188,HPH
1189,HPH
1190,HPH
1191,HPH
1192,HPH
1193,HPH
1194,HPH
1195,P
1196,P
1197,HPH
1198,HPH
1199,HCH
1200,HCH
1201,HCH
1202,HCH
1203,HCH
1204,HCH
1205,HCH
1206,HCH
1207,P
1208,P
1209,HPH
1210,HPH
1211,HPH
1212,HPH
1213,HPH
1214,HPH
1215,HPH
1216,HPH
1217,HPH
1218,HPH
1219,P
1220,P
1221,HPH
1222,HPH
1223,HCH
1224,HCH
1225,HCH
1226,HCH
1227,HCH
1228,HCH
1229,HCH
1230,HCH
1231,P
1232,P
1233,HPH
1234,HPH
1235,HPH
1236,HPH
1237,HPH
1238,HPH
1239,HPH
1240,HPH
1241,HPH
1242,HPH
1243,P
1244,P
1245,HPH
1246,HPH
1247,HCH
1248,HCH
1249,HCH
1250,HCH
1251,HCH
1252,HCH
1253,HCH
1254,HCH
1255,P
1256,P
1257,HPH
1258,HPH
1259,HPH
1260,HPH
1261,HPH
1262,HPH
1263,HPH
1264,HPH
1265,HPH
1266,HPH
1267,P
1268,P
1269,HPH
1270,HPH
1271,HCH
1272,HCH
1273,HCH
1274,HCH
1275,HCH
1276,HCH
1277,HCH
1278,HCH
1279,P
1280,P
1281,HPH
1282,HPH
1283,HPH
1284,HPH
1285,HPH
1286,HPH
1287,HPH
1288,HPH
1289,HPH
1290,HPH
1291,P
1292,P
1293,HPH
1294,HPH
1295,HCH
1296,HCH
1297,HCH
1298,HCH
1299,HCH
1300,HCH
1301,HCH
1302,HCH
1303,P
1304,P
1305,HPH
1306,HPH
1307,HPH
1308,HPH
1309,HPH
1310,HPH
1311,HPH
1312,HPH
1313,HPH
1314,HPH
1315,P
1316,P
1317,HPH
1318,HPH
1319,HCH
1320,HCH
1321,HCH
1322,HCH
1323,HCH
1324,HCH
1325,HCH
1326,HCH
1327,P
1328,P
1329,HPH
1330,HPH
1331,HPH
1332,HPH
1333,HPH
1334,HPH
1335,HPH
1336,HPH
1337,HPH
1338,HPH
1339,P
1340,P
1341,HPH
1342,HPH
1343,HCH
1344,HCH
1345,HCH
1346,HCH
1347,HCH
1348,HCH
1349,HCH
1350,HCH
1351,P
1352,P
1353,HPH
1354,HPH
1355,HPH
1356,HPH
1357,HPH
1358,HPH
1359,HPH
1360,HPH
1361,HPH
1362,HPH
1363,P
1364,P
1365,HPH
1366,HPH
1367,HCH
1368,HCH
1369,HCH
1370,HCH
1371,HCH
1372,HCH
1373,HCH
1374,HCH
1375,P
1376,P
1377,HPH
1378,HPH
1379,HPH
1380,HPH
1381,HPH
1382,HPH
1383,HPH
1384,HPH
1385,HPH
1386,HPH
1387,P
1388,P
1389,HPH
1390,HPH
1391,HCH
1392,HCH
1393,HCH
1394,HCH
1395,HCH
1396,HCH
1397,HCH
1398,HCH
1399,P
1400,P
1401,HPH
1402,HPH
1403,HPH
1404,HPH
1405,HPH
1406,HPH
1407,HPH
1408,HPH
1409,HPH
1410,HPH
1411,P
1412,P
1413,HPH
1414,HPH
1415,HCH
1416,HCH
1417,HCH
1418,HCH
1419,HCH
1420,HCH
1421,HCH
1422,HCH
1423,HPH
1424,HPH
1425,HPH
1426,HPH
1427,HPH
1428,HPH
1429,HPH
1430,HPH
1431,HPH
1432,HPH
1433,HPH
1434,HPH
1435,HPH
1436,HPH
1437,HPH
1438,HPH
1439,HCH
1440,HCH
1441,HCH
1442,HCH
1443,HCH
1444,HCH
1445,HCH
1446,HCH
1447,HPH
1448,HPH
1449,HPH
1450,HPH
1451,HPH
1452,HPH
1453,HPH
1454,HPH
1455,HPH
1456,HPH
1457,HPH
1458,HPH
1459,HPH
1460,HPH
1461,HPH
1462,HPH
1463,HCH
1464,HCH
1465,HCH
1466,HCH
1467,HCH
1468,HCH
1469,HCH
1470,HCH
1471,HPH
1472,HPH
1473,HPH
1474,HPH
1475,HPH
1476,HPH
1477,HPH
1478,HPH
1479,HPH
1480,HPH
1481,HPH
1482,HPH
1483,HPH
1484,HPH
1485,HPH
1486,HPH
1487,HCH
1488,HCH
1489,HCH
1490,HCH
1491,HCH
1492,HCH
1493,HCH
1494,HCH
1495,HPH
1496,HPH
1497,HPH
1498,HPH
1499,HPH
1500,HPH
1501,HPH
1502,HPH
1503,HPH
1504,HPH
1505,HPH
1506,HPH
1507,HPH
1508,HPH
1509,HPH
1510,HPH
1511,HCH
1512,HCH
1513,HCH
1514,HCH
1515,HCH
1516,HCH
1517,HCH
1518,HCH
1519,HPH
1520,HPH
1521,HPH
1522,HPH
1523,HPH
1524,HPH
1525,HPH
1526,HPH
1527,HPH
1528,HPH
1529,HPH
1530,HPH
1531,HPH
1532,HPH
1533,HPH
1534,HPH
1535,HCH
1536,HCH
1537,HCH
1538,HCH
1539,HCH
1540,HCH
1541,HCH
1542,HCH
1543,HPH
1544,HPH
1545,HPH
1546,HPH
1547,HPH
1548,HPH
1549,HPH
1550,HPH
1551,HPH
1552,HPH
1553,HPH
1554,HPH
1555,HPH
1556,HPH
1557,HPH
1558,HPH
1559,HCH
1560,HCH
1561,HCH
1562,HCH
1563,HCH
1564,HCH
1565,HCH
1566,HCH
1567,HPH
1568,HPH
1569,HPH
1570,HPH
1571,HPH
1572,HPH
1573,HPH
1574,HPH
1575,HPH
1576,HPH
1577,HPH
1578,HPH
1579,HPH
1580,HPH
1581,HPH
1582,HPH
1583,HCH
1584,HCH
1585,HCH
1586,HCH
1587,HCH
1588,HCH
1589,HCH
1590,HCH
1591,HPH
1592,HPH
1593,HPH
1594,HPH
1595,HPH
1596,HPH
1597,HPH
1598,HPH
1599,HPH
1600,HPH
1601,HPH
1602,HPH
1603,HPH
1604,HPH
1605,HPH
1606,HPH
1607,HCH
1608,HCH
1609,HCH
1610,HCH
1611,HCH
1612,HCH
1613,HCH
1614,HCH
1615,HPH
1616,HPH
1617,HPH
1618,HPH
1619,HPH
1620,HPH
1621,HPH
1622,HPH
1623,HPH
1624,HPH
1625,HPH
1626,HPH
1627,HPH
1628,HPH
1629,HPH
1630,HPH
1631,HCH
1632,HCH
1633,HCH
1634,HCH
1635,HCH
1636,HCH
1637,HCH
1638,HCH
1639,HPH
1640,HPH
1641,HPH
1642,HPH
1643,HPH
1644,HPH
1645,HPH
1646,HPH
1647,HPH
1648,HPH
1649,HPH
1650,HPH
1651,HPH
1652,HPH
1653,HPH
1654,HPH
1655,HCH
1656,HCH
1657,HCH
1658,HCH
1659,HCH
1660,HCH
1661,HCH
1662,HCH
1663,HPH
1664,HPH
1665,HPH
1666,HPH
1667,HPH
1668,HPH
1669,HPH
1670,HPH
1671,HPH
1672,HPH
1673,HPH
1674,HPH
1675,HPH
1676,HPH
1677,HPH
1678,HPH
1679,HCH
1680,HCH
1681,HCH
1682,HCH
1683,HCH
1684,HCH
1685,HCH
1686,HCH
1687,HPH
1688,HPH
1689,HPH
1690,HPH
1691,HPH
1692,HPH
1693,HPH
1694,HPH
1695,HPH
1696,HPH
1697,HPH
1698,HPH
1699,HPH
1700,HPH
1701,HPH
1702,HPH
1703,HCH
1704,HCH
1705,HCH
1706,HCH
1707,HCH
1708,HCH
1709,HCH
1710,HCH
1711,HPH
1712,HPH
1713,HPH
1714,HPH
1715,HPH
1716,HPH
1717,HPH
1718,HPH
1719,HPH
1720,HPH
1721,HPH
1722,HPH
1723,HPH
1724,HPH
1725,HPH
1726,HPH
1727,HCH
1728,HCH
1729,HCH
1730,HCH
1731,HCH
1732,HCH
1733,HCH
1734,HCH
1735,HPH
1736,HPH
1737,HPH
1738,HPH
1739,HPH
1740,HPH
1741,HPH
1742,HPH
1743,HPH
1744,HPH
1745,HPH
1746,HPH
1747,HPH
1748,HPH
1749,HPH
1750,HPH
1751,HCH
1752,HCH
1753,HCH
1754,HCH
1755,HCH
1756,HCH
1757,HCH
1758,HCH
1759,HPH
1760,HPH
1761,HPH
1762,HPH
1763,HPH
1764,HPH
1765,HPH
1766,HPH
1767,HPH
1768,HPH
1769,HPH
1770,HPH
1771,HPH
1772,HPH
1773,HPH
1774,HPH
1775,HCH
1776,HCH
1777,HCH
1778,HCH
1779,HCH
1780,HCH
1781,HCH
1782,HCH
1783,HPH
1784,HPH
1785,HPH
1786,HPH
1787,HPH
1788,HPH
1789,HPH
1790,HPH
1791,HPH
1792,HPH
1793,HPH
1794,HPH
1795,HPH
1796,HPH
1797,HPH
1798,HPH
1799,HCH
1800,HCH
1801,HCH
1802,HCH
1803,HCH
1804,HCH
1805,HCH
1806,HCH
1807,HPH
1808,HPH
1809,HPH
1810,HPH
1811,HPH
1812,HPH
1813,HPH
1814,HPH
1815,HPH
1816,HPH
1817,HPH
1818,HPH
1819,HPH
1820,HPH
1821,HPH
1822,HPH
1823,HCH
1824,HCH
1825,HCH
1826,HCH
1827,HCH
1828,HCH
1829,HCH
1830,HCH
1831,HPH
1832,HPH
1833,HPH
1834,HPH
1835,HPH
1836,HPH
1837,HPH
1838,HPH
1839,HPH
1840,HPH
1841,HPH
1842,HPH
1843,HPH
1844,HPH
1845,HPH
1846,HPH
1847,HCH
1848,HCH
1849,HCH
1850,HCH
1851,HCH
1852,HCH
1853,HCH
1854,HCH
1855,HPH
1856,HPH
1857,HPH
1858,HPH
1859,HPH
1860,HPH
1861,HPH
1862,HPH
1863,HPH
1864,HPH
1865,HPH
1866,HPH
1867,HPH
1868,HPH
1869,HPH
1870,HPH
1871,HCH
1872,HCH
1873,HCH
1874,HCH
1875,HCH
1876,HCH
1877,HCH
1878,HCH
1879,HPH
1880,HPH
1881,HPH
1882,HPH
1883,HPH
1884,HPH
1885,HPH
1886,HPH
1887,HPH
1888,HPH
1889,HPH
1890,HPH
1891,HPH
1892,HPH
1893,HPH
1894,HPH
1895,HCH
1896,HCH
1897,HCH
1898,HCH
1899,HCH
1900,HCH
1901,HCH
1902,HCH
1903,HPH
1904,HPH
1905,HPH
1906,HPH
1907,HPH
1908,HPH
1909,HPH
1910,HPH
1911,HPH
1912,HPH
1913,HPH
1914,HPH
1915,HPH
1916,HPH
1917,HPH
1918,HPH
1919,HCH
1920,HCH
1921,HCH
1922,HCH
1923,HCH
1924,HCH
1925,HCH
1926,HCH
1927,HPH
1928,HPH
1929,HPH
1930,HPH
1931,HPH
1932,HPH
1933,HPH
1934,HPH
1935,HPH
1936,HPH
1937,HPH
1938,HPH
1939,HPH
1940,HPH
1941,HPH
1942,HPH
1943,HCH
1944,HCH
1945,HCH
1946,HCH
1947,HCH
1948,HCH
1949,HCH
1950,HCH
1951,HPH
1952,HPH
1953,HPH
1954,HPH
1955,HPH
1956,HPH
1957,HPH
1958,HPH
1959,HPH
1960,HPH
1961,HPH
1962,HPH
1963,HPH
1964,HPH
1965,HPH
1966,HPH
1967,HCH
1968,HCH
1969,HCH
1970,HCH
1971,HCH
1972,HCH
1973,HCH
1974,HCH
1975,HPH
1976,HPH
1977,HPH
1978,HPH
1979,HPH
1980,HPH
1981,HPH
1982,HPH
1983,HPH
1984,HPH
1985,HPH
1986,HPH
1987,HPH
1988,HPH
1989,HPH
1990,HPH
1991,HCH
1992,HCH
1993,HCH
1994,HCH
1995,HCH
1996,HCH
1997,HCH
1998,HCH
1999,HPH
2000,HPH
2001,HPH
2002,HPH
2003,HPH
2004,HPH
2005,HPH
2006,HPH
2007,HPH
2008,HPH
2009,HPH
2010,HPH
2011,HPH
2012,HPH
2013,HPH
2014,HPH
2015,HCH
2016,HCH
2017,HCH
2018,HCH
2019,HCH
2020,HCH
2021,HCH
2022,HCH
2023,HPH
2024,HPH
2025,HPH
2026,HPH
2027,HPH
2028,HPH
2029,HPH
2030,HPH
2031,HPH
2032,HPH
2033,HPH
2034,HPH
2035,HPH
2036,HPH
2037,HPH
2038,HPH
2039,HCH
2040,HCH
2041,HCH
2042,HCH
2043,HCH
2044,HCH
2045,HCH
2046,HCH
2047,HPH
2048,HPH
2049,HPH
2050,HPH
2051,HPH
2052,HPH
2053,HPH
2054,HPH
2055,HPH
2056,HPH
2057,HPH
2058,HPH
2059,HPH
2060,HPH
2061,HPH
2062,HPH
2063,HCH
2064,HCH
2065,HCH
2066,HCH
2067,HCH
2068,HCH
2069,HCH
2070,HCH
2071,HPH
2072,HPH
2073,HPH
2074,HPH
2075,HPH
2076,HPH
2077,HPH
2078,HPH
2079,HPH
2080,HPH
2081,HPH
2082,HPH
2083,HPH
2084,HPH
2085,HPH
2086,HPH
2087,HCH
2088,HCH
2089,HCH
2090,HCH
2091,HCH
2092,HCH
2093,HCH
2094,HCH
2095,HPH
2096,HPH
2097,HPH
2098,HPH
2099,HPH
2100,HPH
2101,HPH
2102,HPH
2103,HPH
2104,HPH
2105,HPH
2106,HPH
2107,HPH
2108,HPH
2109,HPH
2110,HPH
2111,HCH
2112,HCH
2113,HCH
2114,HCH
2115,HCH
2116,HCH
2117,HCH
2118,HCH
2119,HPH
2120,HPH
2121,HPH
2122,HPH
2123,HPH
2124,HPH
2125,HPH
2126,HPH
2127,HPH
2128,HPH
2129,HPH
2130,HPH
2131,HPH
2132,HPH
2133,HPH
2134,HPH
2135,HCH
2136,HCH
2137,HCH
2138,HCH
2139,HCH
2140,HCH
2141,HCH
2142,HCH
2143,HPH
2144,HPH
2145,HPH
2146,HPH
2147,HPH
2148,HPH
2149,HPH
2150,HPH
2151,HPH
2152,HPH
2153,HPH
2154,HPH
2155,HPH
2156,HPH
2157,HPH
2158,HPH
2159,HCH
2160,HCH
2161,HCE
2162,HCE
2163,HCE
2164,HCE
2165,HCE
2166,HCE
2167,HPE
2168,HPE
2169,HPE
2170,HPE
2171,HPE
2172,HPE
2173,HPE
2174,HPE
2175,HPE
2176,HPE
2177,HPE
2178,HPE
2179,HPE
2180,HPE
2181,HPE
2182,HPE
2183,HCE
2184,HCE
2185,HCE
2186,HCE
2187,HCE
2188,HCE
2189,HCE
2190,HCE
2191,HPE
2192,HPE
2193,HPE
2194,HPE
2195,HPE
2196,HPE
2197,HPE
2198,HPE
2199,HPE
2200,HPE
2201,HPE
2202,HPE
2203,HPE
2204,HPE
2205,HPE
2206,HPE
2207,HCE
2208,HCE
2209,HCE
2210,HCE
2211,HCE
2212,HCE
2213,HCE
2214,HCE
2215,HPE
2216,HPE
2217,HPE
2218,HPE
2219,HPE
2220,HPE
2221,HPE
2222,HPE
2223,HPE
2224,HPE
2225,HPE
2226,HPE
2227,HPE
2228,HPE
2229,HPE
2230,HPE
2231,HCE
2232,HCE
2233,HCE
2234,HCE
2235,HCE
2236,HCE
2237,HCE
2238,HCE
2239,HPE
2240,HPE
2241,HPE
2242,HPE
2243,HPE
2244,HPE
2245,HPE
2246,HPE
2247,HPE
2248,HPE
2249,HPE
2250,HPE
2251,HPE
2252,HPE
2253,HPE
2254,HPE
2255,HCE
2256,HCE
2257,HCE
2258,HCE
2259,HCE
2260,HCE
2261,HCE
2262,HCE
2263,HPE
2264,HPE
2265,HPE
2266,HPE
2267,HPE
2268,HPE
2269,HPE
2270,HPE
2271,HPE
2272,HPE
2273,HPE
2274,HPE
2275,HPE
2276,HPE
2277,HPE
2278,HPE
2279,HCE
2280,HCE
2281,HCE
2282,HCE
2283,HCE
2284,HCE
2285,HCE
2286,HCE
2287,HPE
2288,HPE
2289,HPE
2290,HPE
2291,HPE
2292,HPE
2293,HPE
2294,HPE
2295,HPE
2296,HPE
2297,HPE
2298,HPE
2299,HPE
2300,HPE
2301,HPE
2302,HPE
2303,HCE
2304,HCE
2305,HCE
2306,HCE
2307,HCE
2308,HCE
2309,HCE
2310,HCE
2311,HPE
2312,HPE
2313,HPE
2314,HPE
2315,HPE
2316,HPE
2317,HPE
2318,HPE
2319,HPE
2320,HPE
2321,HPE
2322,HPE
2323,HPE
2324,HPE
2325,HPE
2326,HPE
2327,HCE
2328,HCE
2329,HCE
2330,HCE
2331,HCE
2332,HCE
2333,HCE
2334,HCE
2335,HPE
2336,HPE
2337,HPE
2338,HPE
2339,HPE
2340,HPE
2341,HPE
2342,HPE
2343,HPE
2344,HPE
2345,HPE
2346,HPE
2347,HPE
2348,HPE
2349,HPE
2350,HPE
2351,HCE
2352,HCE
2353,HCE
2354,HCE
2355,HCE
2356,HCE
2357,HCE
2358,HCE
2359,HPE
2360,HPE
2361,HPE
2362,HPE
2363,HPE
2364,HPE
2365,HPE
2366,HPE
2367,HPE
2368,HPE
2369,HPE
2370,HPE
2371,HPE
2372,HPE
2373,HPE
2374,HPE
2375,HCE
2376,HCE
2377,HCE
2378,HCE
2379,HCE
2380,HCE
2381,HCE
2382,HCE
2383,HPE
2384,HPE
2385,HPE
2386,HPE
2387,HPE
2388,HPE
2389,HPE
2390,HPE
2391,HPE
2392,HPE
2393,HPE
2394,HPE
2395,HPE
2396,HPE
2397,HPE
2398,HPE
2399,HCE
2400,HCE
2401,HCE
2402,HCE
2403,HCE
2404,HCE
2405,HCE
2406,HCE
2407,HPE
2408,HPE
2409,HPE
2410,HPE
2411,HPE
2412,HPE
2413,HPE
2414,HPE
2415,HPE
2416,HPE
2417,HPE
2418,HPE
2419,HPE
2420,HPE
2421,HPE
2422,HPE
2423,HCE
2424,HCE
2425,HCE
2426,HCE
2427,HCE
2428,HCE
2429,HCE
2430,HCE
2431,HPE
2432,HPE
2433,HPE
2434,HPE
2435,HPE
2436,HPE
2437,HPE
2438,HPE
2439,HPE
2440,HPE
2441,HPE
2442,HPE
2443,HPE
2444,HPE
2445,HPE
2446,HPE
2447,HCE
2448,HCE
2449,HCE
2450,HCE
2451,HCE
2452,HCE
2453,HCE
2454,HCE
2455,HPE
2456,HPE
2457,HPE
2458,HPE
2459,HPE
2460,HPE
2461,HPE
2462,HPE
2463,HPE
2464,HPE
2465,HPE
2466,HPE
2467,HPE
2468,HPE
2469,HPE
2470,HPE
2471,HCE
2472,HCE
2473,HCE
2474,HCE
2475,HCE
2476,HCE
2477,HCE
2478,HCE
2479,HPE
2480,HPE
2481,HPE
2482,HPE
2483,HPE
2484,HPE
2485,HPE
2486,HPE
2487,HPE
2488,HPE
2489,HPE
2490,HPE
2491,HPE
2492,HPE
2493,HPE
2494,HPE
2495,HCE
2496,HCE
2497,HCE
2498,HCE
2499,HCE
2500,HCE
2501,HCE
2502,HCE
2503,HPE
2504,HPE
2505,HPE
2506,HPE
2507,HPE
2508,HPE
2509,HPE
2510,HPE
2511,HPE
2512,HPE
2513,HPE
2514,HPE
2515,HPE
2516,HPE
2517,HPE
2518,HPE
2519,HCE
2520,HCE
2521,HCE
2522,HCE
2523,HCE
2524,HCE
2525,HCE
2526,HCE
2527,HPE
2528,HPE
2529,HPE
2530,HPE
2531,HPE
2532,HPE
2533,HPE
2534,HPE
2535,HPE
2536,HPE
2537,HPE
2538,HPE
2539,HPE
2540,HPE
2541,HPE
2542,HPE
2543,HCE
2544,HCE
2545,HCE
2546,HCE
2547,HCE
2548,HCE
2549,HCE
2550,HCE
2551,HPE
2552,HPE
2553,HPE
2554,HPE
2555,HPE
2556,HPE
2557,HPE
2558,HPE
2559,HPE
2560,HPE
2561,HPE
2562,HPE
2563,HPE
2564,HPE
2565,HPE
2566,HPE
2567,HCE
2568,HCE
2569,HCE
2570,HCE
2571,HCE
2572,HCE
2573,HCE
2574,HCE
2575,HPE
2576,HPE
2577,HPE
2578,HPE
2579,HPE
2580,HPE
2581,HPE
2582,HPE
2583,HPE
2584,HPE
2585,HPE
2586,HPE
2587,HPE
2588,HPE
2589,HPE
2590,HPE
2591,HCE
2592,HCE
2593,HCE
2594,HCE
2595,HCE
2596,HCE
2597,HCE
2598,HCE
2599,HPE
2600,HPE
2601,HPE
2602,HPE
2603,HPE
2604,HPE
2605,HPE
2606,HPE
2607,HPE
2608,HPE
2609,HPE
2610,HPE
2611,HPE
2612,HPE
2613,HPE
2614,HPE
2615,HCE
2616,HCE
2617,HCE
2618,HCE
2619,HCE
2620,HCE
2621,HCE
2622,HCE
2623,HPE
2624,HPE
2625,HPE
2626,HPE
2627,HPE
2628,HPE
2629,HPE
2630,HPE
2631,HPE
2632,HPE
2633,HPE
2634,HPE
2635,HPE
2636,HPE
2637,HPE
2638,HPE
2639,HCE
2640,HCE
2641,HCE
2642,HCE
2643,HCE
2644,HCE
2645,HCE
2646,HCE
2647,HPE
2648,HPE
2649,HPE
2650,HPE
2651,HPE
2652,HPE
2653,HPE
2654,HPE
2655,HPE
2656,HPE
2657,HPE
2658,HPE
2659,HPE
2660,HPE
2661,HPE
2662,HPE
2663,HCE
2664,HCE
2665,HCE
2666,HCE
2667,HCE
2668,HCE
2669,HCE
2670,HCE
2671,HPE
2672,HPE
2673,HPE
2674,HPE
2675,HPE
2676,HPE
2677,HPE
2678,HPE
2679,HPE
2680,HPE
2681,HPE
2682,HPE
2683,HPE
2684,HPE
2685,HPE
2686,HPE
2687,HCE
2688,HCE
2689,HCE
2690,HCE
2691,HCE
2692,HCE
2693,HCE
2694,HCE
2695,HPE
2696,HPE
2697,HPE
2698,HPE
2699,HPE
2700,HPE
2701,HPE
2702,HPE
2703,HPE
2704,HPE
2705,HPE
2706,HPE
2707,HPE
2708,HPE
2709,HPE
2710,HPE
2711,HCE
2712,HCE
2713,HCE
2714,HCE
2715,HCE
2716,HCE
2717,HCE
2718,HCE
2719,HPE
2720,HPE
2721,HPE
2722,HPE
2723,HPE
2724,HPE
2725,HPE
2726,HPE
2727,HPE
2728,HPE
2729,HPE
2730,HPE
2731,HPE
2732,HPE
2733,HPE
2734,HPE
2735,HCE
2736,HCE
2737,HCE
2738,HCE
2739,HCE
2740,HCE
2741,HCE
2742,HCE
2743,HPE
2744,HPE
2745,HPE
2746,HPE
2747,HPE
2748,HPE
2749,HPE
2750,HPE
2751,HPE
2752,HPE
2753,HPE
2754,HPE
2755,HPE
2756,HPE
2757,HPE
2758,HPE
2759,HCE
2760,HCE
2761,HCE
2762,HCE
2763,HCE
2764,HCE
2765,HCE
2766,HCE
2767,HPE
2768,HPE
2769,HPE
2770,HPE
2771,HPE
2772,HPE
2773,HPE
2774,HPE
2775,HPE
2776,HPE
2777,HPE
2778,HPE
2779,HPE
2780,HPE
2781,HPE
2782,HPE
2783,HCE
2784,HCE
2785,HCE
2786,HCE
2787,HCE
2788,HCE
2789,HCE
2790,HCE
2791,HPE
2792,HPE
2793,HPE
2794,HPE
2795,HPE
2796,HPE
2797,HPE
2798,HPE
2799,HPE
2800,HPE
2801,HPE
2802,HPE
2803,HPE
2804,HPE
2805,HPE
2806,HPE
2807,HCE
2808,HCE
2809,HCE
2810,HCE
2811,HCE
2812,HCE
2813,HCE
2814,HCE
2815,HPE
2816,HPE
2817,HPE
2818,HPE
2819,HPE
2820,HPE
2821,HPE
2822,HPE
2823,HPE
2824,HPE
2825,HPE
2826,HPE
2827,HPE
2828,HPE
2829,HPE
2830,HPE
2831,HCE
2832,HCE
2833,HCE
2834,HCE
2835,HCE
2836,HCE
2837,HCE
2838,HCE
2839,HPE
2840,HPE
2841,HPE
2842,HPE
2843,HPE
2844,HPE
2845,HPE
2846,HPE
2847,HPE
2848,HPE
2849,HPE
2850,HPE
2851,HPE
2852,HPE
2853,HPE
2854,HPE
2855,HCE
2856,HCE
2857,HCE
2858,HCE
2859,HCE
2860,HCE
2861,HCE
2862,HCE
2863,HPE
2864,HPE
2865,HPE
2866,HPE
2867,HPE
2868,HPE
2869,HPE
2870,HPE
2871,HPE
2872,HPE
2873,HPE
2874,HPE
2875,HPE
2876,HPE
2877,HPE
2878,HPE
2879,HCE
2880,HCE
2881,HCE
2882,HCE
2883,HCE
2884,HCE
2885,HCE
2886,HCE
2887,HPE
2888,HPE
2889,HPE
2890,HPE
2891,HPE
2892,HPE
2893,HPE
2894,HPE
2895,HPE
2896,HPE
2897,HPE
2898,HPE
2899,HPE
2900,HPE
2901,HPE
2902,HPE
2903,HCE
2904,HCE
2905,HCE
2906,HCE
2907,HCE
2908,HCE
2909,HCE
2910,HCE
2911,HPE
2912,HPE
2913,HPE
2914,HPE
2915,HPE
2916,HPE
2917,HPE
2918,HPE
2919,HPE
2920,HPE
2921,HPE
2922,HPE
2923,HPE
2924,HPE
2925,HPE
2926,HPE
2927,HCE
2928,HCE
2929,HCE
2930,HCE
2931,HCE
2932,HCE
2933,HCE
2934,HCE
2935,HPE
2936,HPE
2937,HPE
2938,HPE
2939,HPE
2940,HPE
2941,HPE
2942,HPE
2943,HPE
2944,HPE
2945,HPE
2946,HPE
2947,HPE
2948,HPE
2949,HPE
2950,HPE
2951,HCE
2952,HCE
2953,HCE
2954,HCE
2955,HCE
2956,HCE
2957,HCE
2958,HCE
2959,HPE
2960,HPE
2961,HPE
2962,HPE
2963,HPE
2964,HPE
2965,HPE
2966,HPE
2967,HPE
2968,HPE
2969,HPE
2970,HPE
2971,HPE
2972,HPE
2973,HPE
2974,HPE
2975,HCE
2976,HCE
2977,HCE
2978,HCE
2979,HCE
2980,HCE
2981,HCE
2982,HCE
2983,HPE
2984,HPE
2985,HPE
2986,HPE
2987,HPE
2988,HPE
2989,HPE
2990,HPE
2991,HPE
2992,HPE
2993,HPE
2994,HPE
2995,HPE
2996,HPE
2997,HPE
2998,HPE
2999,HCE
3000,HCE
3001,HCE
3002,HCE
3003,HCE
3004,HCE
3005,HCE
3006,HCE
3007,HPE
3008,HPE
3009,HPE
3010,HPE
3011,HPE
3012,HPE
3013,HPE
3014,HPE
3015,HPE
3016,HPE
3017,HPE
3018,HPE
3019,HPE
3020,HPE
3021,HPE
3022,HPE
3023,HCE
3024,HCE
3025,HCE
3026,HCE
3027,HCE
3028,HCE
3029,HCE
3030,HCE
3031,HPE
3032,HPE
3033,HPE
3034,HPE
3035,HPE
3036,HPE
3037,HPE
3038,HPE
3039,HPE
3040,HPE
3041,HPE
3042,HPE
3043,HPE
3044,HPE
3045,HPE
3046,HPE
3047,HCE
3048,HCE
3049,HCE
3050,HCE
3051,HCE
3052,HCE
3053,HCE
3054,HCE
3055,HPE
3056,HPE
3057,HPE
3058,HPE
3059,HPE
3060,HPE
3061,HPE
3062,HPE
3063,HPE
3064,HPE
3065,HPE
3066,HPE
3067,HPE
3068,HPE
3069,HPE
3070,HPE
3071,HCE
3072,HCE
3073,HCE
3074,HCE
3075,HCE
3076,HCE
3077,HCE
3078,HCE
3079,HPE
3080,HPE
3081,HPE
3082,HPE
3083,HPE
3084,HPE
3085,HPE
3086,HPE
3087,HPE
3088,HPE
3089,HPE
3090,HPE
3091,HPE
3092,HPE
3093,HPE
3094,HPE
3095,HCE
3096,HCE
3097,HCE
3098,HCE
3099,HCE
3100,HCE
3101,HCE
3102,HCE
3103,HPE
3104,HPE
3105,HPE
3106,HPE
3107,HPE
3108,HPE
3109,HPE
3110,HPE
3111,HPE
3112,HPE
3113,HPE
3114,HPE
3115,HPE
3116,HPE
3117,HPE
3118,HPE
3119,HCE
3120,HCE
3121,HCE
3122,HCE
3123,HCE
3124,HCE
3125,HCE
3126,HCE
3127,HPE
3128,HPE
3129,HPE
3130,HPE
3131,HPE
3132,HPE
3133,HPE
3134,HPE
3135,HPE
3136,HPE
3137,HPE
3138,HPE
3139,HPE
3140,HPE
3141,HPE
3142,HPE
3143,HCE
3144,HCE
3145,HCE
3146,HCE
3147,HCE
3148,HCE
3149,HCE
3150,HCE
3151,HPE
3152,HPE
3153,HPE
3154,HPE
3155,HPE
3156,HPE
3157,HPE
3158,HPE
3159,HPE
3160,HPE
3161,HPE
3162,HPE
3163,HPE
3164,HPE
3165,HPE
3166,HPE
3167,HCE
3168,HCE
3169,HCE
3170,HCE
3171,HCE
3172,HCE
3173,HCE
3174,HCE
3175,HPE
3176,HPE
3177,HPE
3178,HPE
3179,HPE
3180,HPE
3181,HPE
3182,HPE
3183,HPE
3184,HPE
3185,HPE
3186,HPE
3187,HPE
3188,HPE
3189,HPE
3190,HPE
3191,HCE
3192,HCE
3193,HCE
3194,HCE
3195,HCE
3196,HCE
3197,HCE
3198,HCE
3199,HPE
3200,HPE
3201,HPE
3202,HPE
3203,HPE
3204,HPE
3205,HPE
3206,HPE
3207,HPE
3208,HPE
3209,HPE
3210,HPE
3211,HPE
3212,HPE
3213,HPE
3214,HPE
3215,HCE
3216,HCE
3217,HCE
3218,HCE
3219,HCE
3220,HCE
3221,HCE
3222,HCE
3223,HPE
3224,HPE
3225,HPE
3226,HPE
3227,HPE
3228,HPE
3229,HPE
3230,HPE
3231,HPE
3232,HPE
3233,HPE
3234,HPE
3235,HPE
3236,HPE
3237,HPE
3238,HPE
3239,HCE
3240,HCE
3241,HCE
3242,HCE
3243,HCE
3244,HCE
3245,HCE
3246,HCE
3247,HPE
3248,HPE
3249,HPE
3250,HPE
3251,HPE
3252,HPE
3253,HPE
3254,HPE
3255,HPE
3256,HPE
3257,HPE
3258,HPE
3259,HPE
3260,HPE
3261,HPE
3262,HPE
3263,HCE
3264,HCE
3265,HCE
3266,HCE
3267,HCE
3268,HCE
3269,HCE
3270,HCE
3271,HPE
3272,HPE
3273,HPE
3274,HPE
3275,HPE
3276,HPE
3277,HPE
3278,HPE
3279,HPE
3280,HPE
3281,HPE
3282,HPE
3283,HPE
3284,HPE
3285,HPE
3286,HPE
3287,HCE
3288,HCE
3289,HCE
3290,HCE
3291,HCE
3292,HCE
3293,HCE
3294,HCE
3295,HPE
3296,HPE
3297,HPE
3298,HPE
3299,HPE
3300,HPE
3301,HPE
3302,HPE
3303,HPE
3304,HPE
3305,HPE
3306,HPE
3307,HPE
3308,HPE
3309,HPE
3310,HPE
3311,HCE
3312,HCE
3313,HCE
3314,HCE
3315,HCE
3316,HCE
3317,HCE
3318,HCE
3319,HPE
3320,HPE
3321,HPE
3322,HPE
3323,HPE
3324,HPE
3325,HPE
3326,HPE
3327,HPE
3328,HPE
3329,HPE
3330,HPE
3331,HPE
3332,HPE
3333,HPE
3334,HPE
3335,HCE
3336,HCE
3337,HCE
3338,HCE
3339,HCE
3340,HCE
3341,HCE
3342,HCE
3343,HPE
3344,HPE
3345,HPE
3346,HPE
3347,HPE
3348,HPE
3349,HPE
3350,HPE
3351,HPE
3352,HPE
3353,HPE
3354,HPE
3355,HPE
3356,HPE
3357,HPE
3358,HPE
3359,HCE
3360,HCE
3361,HCE
3362,HCE
3363,HCE
3364,HCE
3365,HCE
3366,HCE
3367,HPE
3368,HPE
3369,HPE
3370,HPE
3371,HPE
3372,HPE
3373,HPE
3374,HPE
3375,HPE
3376,HPE
3377,HPE
3378,HPE
3379,HPE
3380,HPE
3381,HPE
3382,HPE
3383,HCE
3384,HCE
3385,HCE
3386,HCE
3387,HCE
3388,HCE
3389,HCE
3390,HCE
3391,HPE
3392,HPE
3393,HPE
3394,HPE
3395,HPE
3396,HPE
3397,HPE
3398,HPE
3399,HPE
3400,HPE
3401,HPE
3402,HPE
3403,HPE
3404,HPE
3405,HPE
3406,HPE
3407,HCE
3408,HCE
3409,HCE
3410,HCE
3411,HCE
3412,HCE
3413,HCE
3414,HCE
3415,HPE
3416,HPE
3417,HPE
3418,HPE
3419,HPE
3420,HPE
3421,HPE
3422,HPE
3423,HPE
3424,HPE
3425,HPE
3426,HPE
3427,HPE
3428,HPE
3429,HPE
3430,HPE
3431,HCE
3432,HCE
3433,HCE
3434,HCE
3435,HCE
3436,HCE
3437,HCE
3438,HCE
3439,HPE
3440,HPE
3441,HPE
3442,HPE
3443,HPE
3444,HPE
3445,HPE
3446,HPE
3447,HPE
3448,HPE
3449,HPE
3450,HPE
3451,HPE
3452,HPE
3453,HPE
3454,HPE
3455,HCE
3456,HCE
3457,HCE
3458,HCE
3459,HCE
3460,HCE
3461,HCE
3462,HCE
3463,HPE
3464,HPE
3465,HPE
3466,HPE
3467,HPE
3468,HPE
3469,HPE
3470,HPE
3471,HPE
3472,HPE
3473,HPE
3474,HPE
3475,HPE
3476,HPE
3477,HPE
3478,HPE
3479,HCE
3480,HCE
3481,HCE
3482,HCE
3483,HCE
3484,HCE
3485,HCE
3486,HCE
3487,HPE
3488,HPE
3489,HPE
3490,HPE
3491,HPE
3492,HPE
3493,HPE
3494,HPE
3495,HPE
3496,HPE
3497,HPE
3498,HPE
3499,HPE
3500,HPE
3501,HPE
3502,HPE
3503,HCE
3504,HCE
3505,HCE
3506,HCE
3507,HCE
3508,HCE
3509,HCE
3510,HCE
3511,HPE
3512,HPE
3513,HPE
3514,HPE
3515,HPE
3516,HPE
3517,HPE
3518,HPE
3519,HPE
3520,HPE
3521,HPE
3522,HPE
3523,HPE
3524,HPE
3525,HPE
3526,HPE
3527,HCE
3528,HCE
3529,HCE
3530,HCE
3531,HCE
3532,HCE
3533,HCE
3534,HCE
3535,HPE
3536,HPE
3537,HPE
3538,HPE
3539,HPE
3540,HPE
3541,HPE
3542,HPE
3543,HPE
3544,HPE
3545,HPE
3546,HPE
3547,HPE
3548,HPE
3549,HPE
3550,HPE
3551,HCE
3552,HCE
3553,HCE
3554,HCE
3555,HCE
3556,HCE
3557,HCE
3558,HCE
3559,HPE
3560,HPE
3561,HPE
3562,HPE
3563,HPE
3564,HPE
3565,HPE
3566,HPE
3567,HPE
3568,HPE
3569,HPE
3570,HPE
3571,HPE
3572,HPE
3573,HPE
3574,HPE
3575,HCE
3576,HCE
3577,HCE
3578,HCE
3579,HCE
3580,HCE
3581,HCE
3582,HCE
3583,HPE
3584,HPE
3585,HPE
3586,HPE
3587,HPE
3588,HPE
3589,HPE
3590,HPE
3591,HPE
3592,HPE
3593,HPE
3594,HPE
3595,HPE
3596,HPE
3597,HPE
3598,HPE
3599,HCE
3600,HCE
3601,HCE
3602,HCE
3603,HCE
3604,HCE
3605,HCE
3606,HCE
3607,HPE
3608,HPE
3609,HPE
3610,HPE
3611,HPE
3612,HPE
3613,HPE
3614,HPE
3615,HPE
3616,HPE
3617,HPE
3618,HPE
3619,HPE
3620,HPE
3621,HPE
3622,HPE
3623,HCE
3624,HCE
3625,HCE
3626,HCE
3627,HCE
3628,HCE
3629,HCE
3630,HCE
3631,HPE
3632,HPE
3633,HPE
3634,HPE
3635,HPE
3636,HPE
3637,HPE
3638,HPE
3639,HPE
3640,HPE
3641,HPE
3642,HPE
3643,HPE
3644,HPE
3645,HPE
3646,HPE
3647,HCE
3648,HCE
3649,HCE
3650,HCE
3651,HCE
3652,HCE
3653,HCE
3654,HCE
3655,HPE
3656,HPE
3657,HPE
3658,HPE
3659,HPE
3660,HPE
3661,HPE
3662,HPE
3663,HPE
3664,HPE
3665,HPE
3666,HPE
3667,HPE
3668,HPE
3669,HPE
3670,HPE
3671,HCE
3672,HCE
3673,HCE
3674,HCE
3675,HCE
3676,HCE
3677,HCE
3678,HCE
3679,HPE
3680,HPE
3681,HPE
3682,HPE
3683,HPE
3684,HPE
3685,HPE
3686,HPE
3687,HPE
3688,HPE
3689,HPE
3690,HPE
3691,HPE
3692,HPE
3693,HPE
3694,HPE
3695,HCE
3696,HCE
3697,HCE
3698,HCE
3699,HCE
3700,HCE
3701,HCE
3702,HCE
3703,HPE
3704,HPE
3705,HPE
3706,HPE
3707,HPE
3708,HPE
3709,HPE
3710,HPE
3711,HPE
3712,HPE
3713,HPE
3714,HPE
3715,HPE
3716,HPE
3717,HPE
3718,HPE
3719,HCE
3720,HCE
3721,HCE
3722,HCE
3723,HCE
3724,HCE
3725,HCE
3726,HCE
3727,HPE
3728,HPE
3729,HPE
3730,HPE
3731,HPE
3732,HPE
3733,HPE
3734,HPE
3735,HPE
3736,HPE
3737,HPE
3738,HPE
3739,HPE
3740,HPE
3741,HPE
3742,HPE
3743,HCE
3744,HCE
3745,HCE
3746,HCE
3747,HCE
3748,HCE
3749,HCE
3750,HCE
3751,HPE
3752,HPE
3753,HPE
3754,HPE
3755,HPE
3756,HPE
3757,HPE
3758,HPE
3759,HPE
3760,HPE
3761,HPE
3762,HPE
3763,HPE
3764,HPE
3765,HPE
3766,HPE
3767,HCE
3768,HCE
3769,HCE
3770,HCE
3771,HCE
3772,HCE
3773,HCE
3774,HCE
3775,HPE
3776,HPE
3777,HPE
3778,HPE
3779,HPE
3780,HPE
3781,HPE
3782,HPE
3783,HPE
3784,HPE
3785,HPE
3786,HPE
3787,HPE
3788,HPE
3789,HPE
3790,HPE
3791,HCE
3792,HCE
3793,HCE
3794,HCE
3795,HCE
3796,HCE
3797,HCE
3798,HCE
3799,HPE
3800,HPE
3801,HPE
3802,HPE
3803,HPE
3804,HPE
3805,HPE
3806,HPE
3807,HPE
3808,HPE
3809,HPE
3810,HPE
3811,HPE
3812,HPE
3813,HPE
3814,HPE
3815,HCE
3816,HCE
3817,HCE
3818,HCE
3819,HCE
3820,HCE
3821,HCE
3822,HCE
3823,HPE
3824,HPE
3825,HPE
3826,HPE
3827,HPE
3828,HPE
3829,HPE
3830,HPE
3831,HPE
3832,HPE
3833,HPE
3834,HPE
3835,HPE
3836,HPE
3837,HPE
3838,HPE
3839,HCE
3840,HCE
3841,HCE
3842,HCE
3843,HCE
3844,HCE
3845,HCE
3846,HCE
3847,HPE
3848,HPE
3849,HPE
3850,HPE
3851,HPE
3852,HPE
3853,HPE
3854,HPE
3855,HPE
3856,HPE
3857,HPE
3858,HPE
3859,HPE
3860,HPE
3861,HPE
3862,HPE
3863,HCE
3864,HCE
3865,HCE
3866,HCE
3867,HCE
3868,HCE
3869,HCE
3870,HCE
3871,HPE
3872,HPE
3873,HPE
3874,HPE
3875,HPE
3876,HPE
3877,HPE
3878,HPE
3879,HPE
3880,HPE
3881,HPE
3882,HPE
3883,HPE
3884,HPE
3885,HPE
3886,HPE
3887,HCE
3888,HCE
3889,HCE
3890,HCE
3891,HCE
3892,HCE
3893,HCE
3894,HCE
3895,HPE
3896,HPE
3897,HPE
3898,HPE
3899,HPE
3900,HPE
3901,HPE
3902,HPE
3903,HPE
3904,HPE
3905,HPE
3906,HPE
3907,HPE
3908,HPE
3909,HPE
3910,HPE
3911,HCE
3912,HCE
3913,HCE
3914,HCE
3915,HCE
3916,HCE
3917,HCE
3918,HCE
3919,HPE
3920,HPE
3921,HPE
3922,HPE
3923,HPE
3924,HPE
3925,HPE
3926,HPE
3927,HPE
3928,HPE
3929,HPE
3930,HPE
3931,HPE
3932,HPE
3933,HPE
3934,HPE
3935,HCE
3936,HCE
3937,HCE
3938,HCE
3939,HCE
3940,HCE
3941,HCE
3942,HCE
3943,HPE
3944,HPE
3945,HPE
3946,HPE
3947,HPE
3948,HPE
3949,HPE
3950,HPE
3951,HPE
3952,HPE
3953,HPE
3954,HPE
3955,HPE
3956,HPE
3957,HPE
3958,HPE
3959,HCE
3960,HCE
3961,HCE
3962,HCE
3963,HCE
3964,HCE
3965,HCE
3966,HCE
3967,HPE
3968,HPE
3969,HPE
3970,HPE
3971,HPE
3972,HPE
3973,HPE
3974,HPE
3975,HPE
3976,HPE
3977,HPE
3978,HPE
3979,HPE
3980,HPE
3981,HPE
3982,HPE
3983,HCE
3984,HCE
3985,HCE
3986,HCE
3987,HCE
3988,HCE
3989,HCE
3990,HCE
3991,HPE
3992,HPE
3993,HPE
3994,HPE
3995,HPE
3996,HPE
3997,HPE
3998,HPE
3999,HPE
4000,HPE
4001,HPE
4002,HPE
4003,HPE
4004,HPE
4005,HPE
4006,HPE
4007,HCE
4008,HCE
4009,HCE
4010,HCE
4011,HCE
4012,HCE
4013,HCE
4014,HCE
4015,HPE
4016,HPE
4017,HPE
4018,HPE
4019,HPE
4020,HPE
4021,HPE
4022,HPE
4023,HPE
4024,HPE
4025,HPE
4026,HPE
4027,HPE
4028,HPE
4029,HPE
4030,HPE
4031,HCE
4032,HCE
4033,HCE
4034,HCE
4035,HCE
4036,HCE
4037,HCE
4038,HCE
4039,HPE
4040,HPE
4041,HPE
4042,HPE
4043,HPE
4044,HPE
4045,HPE
4046,HPE
4047,HPE
4048,HPE
4049,HPE
4050,HPE
4051,HPE
4052,HPE
4053,HPE
4054,HPE
4055,HCE
4056,HCE
4057,HCE
4058,HCE
4059,HCE
4060,HCE
4061,HCE
4062,HCE
4063,HPE
4064,HPE
4065,HPE
4066,HPE
4067,HPE
4068,HPE
4069,HPE
4070,HPE
4071,HPE
4072,HPE
4073,HPE
4074,HPE
4075,HPE
4076,HPE
4077,HPE
4078,HPE
4079,HCE
4080,HCE
4081,HCE
4082,HCE
4083,HCE
4084,HCE
4085,HCE
4086,HCE
4087,HPE
4088,HPE
4089,HPE
4090,HPE
4091,HPE
4092,HPE
4093,HPE
4094,HPE
4095,HPE
4096,HPE
4097,HPE
4098,HPE
4099,HPE
4100,HPE
4101,HPE
4102,HPE
4103,HCE
4104,HCE
4105,HCE
4106,HCE
4107,HCE
4108,HCE
4109,HCE
4110,HCE
4111,HPE
4112,HPE
4113,HPE
4114,HPE
4115,HPE
4116,HPE
4117,HPE
4118,HPE
4119,HPE
4120,HPE
4121,HPE
4122,HPE
4123,HPE
4124,HPE
4125,HPE
4126,HPE
4127,HCE
4128,HCE
4129,HCE
4130,HCE
4131,HCE
4132,HCE
4133,HCE
4134,HCE
4135,HPE
4136,HPE
4137,HPE
4138,HPE
4139,HPE
4140,HPE
4141,HPE
4142,HPE
4143,HPE
4144,HPE
4145,HPE
4146,HPE
4147,HPE
4148,HPE
4149,HPE
4150,HPE
4151,HCE
4152,HCE
4153,HCE
4154,HCE
4155,HCE
4156,HCE
4157,HCE
4158,HCE
4159,HPE
4160,HPE
4161,HPE
4162,HPE
4163,HPE
4164,HPE
4165,HPE
4166,HPE
4167,HPE
4168,HPE
4169,HPE
4170,HPE
4171,HPE
4172,HPE
4173,HPE
4174,HPE
4175,HCE
4176,HCE
4177,HCE
4178,HCE
4179,HCE
4180,HCE
4181,HCE
4182,HCE
4183,HPE
4184,HPE
4185,HPE
4186,HPE
4187,HPE
4188,HPE
4189,HPE
4190,HPE
4191,HPE
4192,HPE
4193,HPE
4194,HPE
4195,HPE
4196,HPE
4197,HPE
4198,HPE
4199,HCE
4200,HCE
4201,HCE
4202,HCE
4203,HCE
4204,HCE
4205,HCE
4206,HCE
4207,HPE
4208,HPE
4209,HPE
4210,HPE
4211,HPE
4212,HPE
4213,HPE
4214,HPE
4215,HPE
4216,HPE
4217,HPE
4218,HPE
4219,HPE
4220,HPE
4221,HPE
4222,HPE
4223,HCE
4224,HCE
4225,HCE
4226,HCE
4227,HCE
4228,HCE
4229,HCE
4230,HCE
4231,HPE
4232,HPE
4233,HPE
4234,HPE
4235,HPE
4236,HPE
4237,HPE
4238,HPE
4239,HPE
4240,HPE
4241,HPE
4242,HPE
4243,HPE
4244,HPE
4245,HPE
4246,HPE
4247,HCE
4248,HCE
4249,HCE
4250,HCE
4251,HCE
4252,HCE
4253,HCE
4254,HCE
4255,HPE
4256,HPE
4257,HPE
4258,HPE
4259,HPE
4260,HPE
4261,HPE
4262,HPE
4263,HPE
4264,HPE
4265,HPE
4266,HPE
4267,HPE
4268,HPE
4269,HPE
4270,HPE
4271,HCE
4272,HCE
4273,HCE
4274,HCE
4275,HCE
4276,HCE
4277,HCE
4278,HCE
4279,HPE
4280,HPE
4281,HPE
4282,HPE
4283,HPE
4284,HPE
4285,HPE
4286,HPE
4287,HPE
4288,HPE
4289,HPE
4290,HPE
4291,HPE
4292,HPE
4293,HPE
4294,HPE
4295,HCE
4296,HCE
4297,HCE
4298,HCE
4299,HCE
4300,HCE
4301,HCE
4302,HCE
4303,HPE
4304,HPE
4305,HPE
4306,HPE
4307,HPE
4308,HPE
4309,HPE
4310,HPE
4311,HPE
4312,HPE
4313,HPE
4314,HPE
4315,HPE
4316,HPE
4317,HPE
4318,HPE
4319,HCE
4320,HCE
4321,HCE
4322,HCE
4323,HCE
4324,HCE
4325,HCE
4326,HCE
4327,HPE
4328,HPE
4329,HPE
4330,HPE
4331,HPE
4332,HPE
4333,HPE
4334,HPE
4335,HPE
4336,HPE
4337,HPE
4338,HPE
4339,HPE
4340,HPE
4341,HPE
4342,HPE
4343,HCE
4344,HCE
4345,HCE
4346,HCE
4347,HCE
4348,HCE
4349,HCE
4350,HCE
4351,HPE
4352,HPE
4353,HPE
4354,HPE
4355,HPE
4356,HPE
4357,HPE
4358,HPE
4359,HPE
4360,HPE
4361,HPE
4362,HPE
4363,HPE
4364,HPE
4365,HPE
4366,HPE
4367,HCE
4368,HCE
4369,HCE
4370,HCE
4371,HCE
4372,HCE
4373,HCE
4374,HCE
4375,HPE
4376,HPE
4377,HPE
4378,HPE
4379,HPE
4380,HPE
4381,HPE
4382,HPE
4383,HPE
4384,HPE
4385,HPE
4386,HPE
4387,HPE
4388,HPE
4389,HPE
4390,HPE
4391,HCE
4392,HCE
4393,HCE
4394,HCE
4395,HCE
4396,HCE
4397,HCE
4398,HCE
4399,HPE
4400,HPE
4401,HPE
4402,HPE
4403,HPE
4404,HPE
4405,HPE
4406,HPE
4407,HPE
4408,HPE
4409,HPE
4410,HPE
4411,HPE
4412,HPE
4413,HPE
4414,HPE
4415,HCE
4416,HCE
4417,HCE
4418,HCE
4419,HCE
4420,HCE
4421,HCE
4422,HCE
4423,HPE
4424,HPE
4425,HPE
4426,HPE
4427,HPE
4428,HPE
4429,HPE
4430,HPE
4431,HPE
4432,HPE
4433,HPE
4434,HPE
4435,HPE
4436,HPE
4437,HPE
4438,HPE
4439,HCE
4440,HCE
4441,HCE
4442,HCE
4443,HCE
4444,HCE
4445,HCE
4446,HCE
4447,HPE
4448,HPE
4449,HPE
4450,HPE
4451,HPE
4452,HPE
4453,HPE
4454,HPE
4455,HPE
4456,HPE
4457,HPE
4458,HPE
4459,HPE
4460,HPE
4461,HPE
4462,HPE
4463,HCE
4464,HCE
4465,HCE
4466,HCE
4467,HCE
4468,HCE
4469,HCE
4470,HCE
4471,HPE
4472,HPE
4473,HPE
4474,HPE
4475,HPE
4476,HPE
4477,HPE
4478,HPE
4479,HPE
4480,HPE
4481,HPE
4482,HPE
4483,HPE
4484,HPE
4485,HPE
4486,HPE
4487,HCE
4488,HCE
4489,HCE
4490,HCE
4491,HCE
4492,HCE
4493,HCE
4494,HCE
4495,HPE
4496,HPE
4497,HPE
4498,HPE
4499,HPE
4500,HPE
4501,HPE
4502,HPE
4503,HPE
4504,HPE
4505,HPE
4506,HPE
4507,HPE
4508,HPE
4509,HPE
4510,HPE
4511,HCE
4512,HCE
4513,HCE
4514,HCE
4515,HCE
4516,HCE
4517,HCE
4518,HCE
4519,HPE
4520,HPE
4521,HPE
4522,HPE
4523,HPE
4524,HPE
4525,HPE
4526,HPE
4527,HPE
4528,HPE
4529,HPE
4530,HPE
4531,HPE
4532,HPE
4533,HPE
4534,HPE
4535,HCE
4536,HCE
4537,HCE
4538,HCE
4539,HCE
4540,HCE
4541,HCE
4542,HCE
4543,HPE
4544,HPE
4545,HPE
4546,HPE
4547,HPE
4548,HPE
4549,HPE
4550,HPE
4551,HPE
4552,HPE
4553,HPE
4554,HPE
4555,HPE
4556,HPE
4557,HPE
4558,HPE
4559,HCE
4560,HCE
4561,HCE
4562,HCE
4563,HCE
4564,HCE
4565,HCE
4566,HCE
4567,HPE
4568,HPE
4569,HPE
4570,HPE
4571,HPE
4572,HPE
4573,HPE
4574,HPE
4575,HPE
4576,HPE
4577,HPE
4578,HPE
4579,HPE
4580,HPE
4581,HPE
4582,HPE
4583,HCE
4584,HCE
4585,HCE
4586,HCE
4587,HCE
4588,HCE
4589,HCE
4590,HCE
4591,HPE
4592,HPE
4593,HPE
4594,HPE
4595,HPE
4596,HPE
4597,HPE
4598,HPE
4599,HPE
4600,HPE
4601,HPE
4602,HPE
4603,HPE
4604,HPE
4605,HPE
4606,HPE
4607,HCE
4608,HCE
4609,HCE
4610,HCE
4611,HCE
4612,HCE
4613,HCE
4614,HCE
4615,HPE
4616,HPE
4617,HPE
4618,HPE
4619,HPE
4620,HPE
4621,HPE
4622,HPE
4623,HPE
4624,HPE
4625,HPE
4626,HPE
4627,HPE
4628,HPE
4629,HPE
4630,HPE
4631,HCE
4632,HCE
4633,HCE
4634,HCE
4635,HCE
4636,HCE
4637,HCE
4638,HCE
4639,HPE
4640,HPE
4641,HPE
4642,HPE
4643,HPE
4644,HPE
4645,HPE
4646,HPE
4647,HPE
4648,HPE
4649,HPE
4650,HPE
4651,HPE
4652,HPE
4653,HPE
4654,HPE
4655,HCE
4656,HCE
4657,HCE
4658,HCE
4659,HCE
4660,HCE
4661,HCE
4662,HCE
4663,HPE
4664,HPE
4665,HPE
4666,HPE
4667,HPE
4668,HPE
4669,HPE
4670,HPE
4671,HPE
4672,HPE
4673,HPE
4674,HPE
4675,HPE
4676,HPE
4677,HPE
4678,HPE
4679,HCE
4680,HCE
4681,HCE
4682,HCE
4683,HCE
4684,HCE
4685,HCE
4686,HCE
4687,HPE
4688,HPE
4689,HPE
4690,HPE
4691,HPE
4692,HPE
4693,HPE
4694,HPE
4695,HPE
4696,HPE
4697,HPE
4698,HPE
4699,HPE
4700,HPE
4701,HPE
4702,HPE
4703,HCE
4704,HCE
4705,HCE
4706,HCE
4707,HCE
4708,HCE
4709,HCE
4710,HCE
4711,HPE
4712,HPE
4713,HPE
4714,HPE
4715,HPE
4716,HPE
4717,HPE
4718,HPE
4719,HPE
4720,HPE
4721,HPE
4722,HPE
4723,HPE
4724,HPE
4725,HPE
4726,HPE
4727,HCE
4728,HCE
4729,HCE
4730,HCE
4731,HCE
4732,HCE
4733,HCE
4734,HCE
4735,HPE
4736,HPE
4737,HPE
4738,HPE
4739,HPE
4740,HPE
4741,HPE
4742,HPE
4743,HPE
4744,HPE
4745,HPE
4746,HPE
4747,HPE
4748,HPE
4749,HPE
4750,HPE
4751,HCE
4752,HCE
4753,HCE
4754,HCE
4755,HCE
4756,HCE
4757,HCE
4758,HCE
4759,HPE
4760,HPE
4761,HPE
4762,HPE
4763,HPE
4764,HPE
4765,HPE
4766,HPE
4767,HPE
4768,HPE
4769,HPE
4770,HPE
4771,HPE
4772,HPE
4773,HPE
4774,HPE
4775,HCE
4776,HCE
4777,HCE
4778,HCE
4779,HCE
4780,HCE
4781,HCE
4782,HCE
4783,HPE
4784,HPE
4785,HPE
4786,HPE
4787,HPE
4788,HPE
4789,HPE
4790,HPE
4791,HPE
4792,HPE
4793,HPE
4794,HPE
4795,HPE
4796,HPE
4797,HPE
4798,HPE
4799,HCE
4800,HCE
4801,HCE
4802,HCE
4803,HCE
4804,HCE
4805,HCE
4806,HCE
4807,HPE
4808,HPE
4809,HPE
4810,HPE
4811,HPE
4812,HPE
4813,HPE
4814,HPE
4815,HPE
4816,HPE
4817,HPE
4818,HPE
4819,HPE
4820,HPE
4821,HPE
4822,HPE
4823,HCE
4824,HCE
4825,HCE
4826,HCE
4827,HCE
4828,HCE
4829,HCE
4830,HCE
4831,HPE
4832,HPE
4833,HPE
4834,HPE
4835,HPE
4836,HPE
4837,HPE
4838,HPE
4839,HPE
4840,HPE
4841,HPE
4842,HPE
4843,HPE
4844,HPE
4845,HPE
4846,HPE
4847,HCE
4848,HCE
4849,HCE
4850,HCE
4851,HCE
4852,HCE
4853,HCE
4854,HCE
4855,HPE
4856,HPE
4857,HPE
4858,HPE
4859,HPE
4860,HPE
4861,HPE
4862,HPE
4863,HPE
4864,HPE
4865,HPE
4866,HPE
4867,HPE
4868,HPE
4869,HPE
4870,HPE
4871,HCE
4872,HCE
4873,HCE
4874,HCE
4875,HCE
4876,HCE
4877,HCE
4878,HCE
4879,HPE
4880,HPE
4881,HPE
4882,HPE
4883,HPE
4884,HPE
4885,HPE
4886,HPE
4887,HPE
4888,HPE
4889,HPE
4890,HPE
4891,HPE
4892,HPE
4893,HPE
4894,HPE
4895,HCE
4896,HCE
4897,HCE
4898,HCE
4899,HCE
4900,HCE
4901,HCE
4902,HCE
4903,HPE
4904,HPE
4905,HPE
4906,HPE
4907,HPE
4908,HPE
4909,HPE
4910,HPE
4911,HPE
4912,HPE
4913,HPE
4914,HPE
4915,HPE
4916,HPE
4917,HPE
4918,HPE
4919,HCE
4920,HCE
4921,HCE
4922,HCE
4923,HCE
4924,HCE
4925,HCE
4926,HCE
4927,HPE
4928,HPE
4929,HPE
4930,HPE
4931,HPE
4932,HPE
4933,HPE
4934,HPE
4935,HPE
4936,HPE
4937,HPE
4938,HPE
4939,HPE
4940,HPE
4941,HPE
4942,HPE
4943,HCE
4944,HCE
4945,HCE
4946,HCE
4947,HCE
4948,HCE
4949,HCE
4950,HCE
4951,HPE
4952,HPE
4953,HPE
4954,HPE
4955,HPE
4956,HPE
4957,HPE
4958,HPE
4959,HPE
4960,HPE
4961,HPE
4962,HPE
4963,HPE
4964,HPE
4965,HPE
4966,HPE
4967,HCE
4968,HCE
4969,HCE
4970,HCE
4971,HCE
4972,HCE
4973,HCE
4974,HCE
4975,HPE
4976,HPE
4977,HPE
4978,HPE
4979,HPE
4980,HPE
4981,HPE
4982,HPE
4983,HPE
4984,HPE
4985,HPE
4986,HPE
4987,HPE
4988,HPE
4989,HPE
4990,HPE
4991,HCE
4992,HCE
4993,HCE
4994,HCE
4995,HCE
4996,HCE
4997,HCE
4998,HCE
4999,HPE
5000,HPE
5001,HPE
5002,HPE
5003,HPE
5004,HPE
5005,HPE
5006,HPE
5007,HPE
5008,HPE
5009,HPE
5010,HPE
5011,HPE
5012,HPE
5013,HPE
5014,HPE
5015,HCE
5016,HCE
5017,HCE
5018,HCE
5019,HCE
5020,HCE
5021,HCE
5022,HCE
5023,HPE
5024,HPE
5025,HPE
5026,HPE
5027,HPE
5028,HPE
5029,HPE
5030,HPE
5031,HPE
5032,HPE
5033,HPE
5034,HPE
5035,HPE
5036,HPE
5037,HPE
5038,HPE
5039,HCE
5040,HCE
5041,HCE
5042,HCE
5043,HCE
5044,HCE
5045,HCE
5046,HCE
5047,HPE
5048,HPE
5049,HPE
5050,HPE
5051,HPE
5052,HPE
5053,HPE
5054,HPE
5055,HPE
5056,HPE
5057,HPE
5058,HPE
5059,HPE
5060,HPE
5061,HPE
5062,HPE
5063,HCE
5064,HCE
5065,HCE
5066,HCE
5067,HCE
5068,HCE
5069,HCE
5070,HCE
5071,HPE
5072,HPE
5073,HPE
5074,HPE
5075,HPE
5076,HPE
5077,HPE
5078,HPE
5079,HPE
5080,HPE
5081,HPE
5082,HPE
5083,HPE
5084,HPE
5085,HPE
5086,HPE
5087,HCE
5088,HCE
5089,HCE
5090,HCE
5091,HCE
5092,HCE
5093,HCE
5094,HCE
5095,HPE
5096,HPE
5097,HPE
5098,HPE
5099,HPE
5100,HPE
5101,HPE
5102,HPE
5103,HPE
5104,HPE
5105,HPE
5106,HPE
5107,HPE
5108,HPE
5109,HPE
5110,HPE
5111,HCE
5112,HCE
5113,HCE
5114,HCE
5115,HCE
5116,HCE
5117,HCE
5118,HCE
5119,HPE
5120,HPE
5121,HPE
5122,HPE
5123,HPE
5124,HPE
5125,HPE
5126,HPE
5127,HPE
5128,HPE
5129,HPE
5130,HPE
5131,HPE
5132,HPE
5133,HPE
5134,HPE
5135,HCE
5136,HCE
5137,HCE
5138,HCE
5139,HCE
5140,HCE
5141,HCE
5142,HCE
5143,HPE
5144,HPE
5145,HPE
5146,HPE
5147,HPE
5148,HPE
5149,HPE
5150,HPE
5151,HPE
5152,HPE
5153,HPE
5154,HPE
5155,HPE
5156,HPE
5157,HPE
5158,HPE
5159,HCE
5160,HCE
5161,HCE
5162,HCE
5163,HCE
5164,HCE
5165,HCE
5166,HCE
5167,HPE
5168,HPE
5169,HPE
5170,HPE
5171,HPE
5172,HPE
5173,HPE
5174,HPE
5175,HPE
5176,HPE
5177,HPE
5178,HPE
5179,HPE
5180,HPE
5181,HPE
5182,HPE
5183,HCE
5184,HCE
5185,HCE
5186,HCE
5187,HCE
5188,HCE
5189,HCE
5190,HCE
5191,HPE
5192,HPE
5193,HPE
5194,HPE
5195,HPE
5196,HPE
5197,HPE
5198,HPE
5199,HPE
5200,HPE
5201,HPE
5202,HPE
5203,HPE
5204,HPE
5205,HPE
5206,HPE
5207,HCE
5208,HCE
5209,HCE
5210,HCE
5211,HCE
5212,HCE
5213,HCE
5214,HCE
5215,HPE
5216,HPE
5217,HPE
5218,HPE
5219,HPE
5220,HPE
5221,HPE
5222,HPE
5223,HPE
5224,HPE
5225,HPE
5226,HPE
5227,HPE
5228,HPE
5229,HPE
5230,HPE
5231,HCE
5232,HCE
5233,HCE
5234,HCE
5235,HCE
5236,HCE
5237,HCE
5238,HCE
5239,HPE
5240,HPE
5241,HPE
5242,HPE
5243,HPE
5244,HPE
5245,HPE
5246,HPE
5247,HPE
5248,HPE
5249,HPE
5250,HPE
5251,HPE
5252,HPE
5253,HPE
5254,HPE
5255,HCE
5256,HCE
5257,HCE
5258,HCE
5259,HCE
5260,HCE
5261,HCE
5262,HCE
5263,HPE
5264,HPE
5265,HPE
5266,HPE
5267,HPE
5268,HPE
5269,HPE
5270,HPE
5271,HPE
5272,HPE
5273,HPE
5274,HPE
5275,HPE
5276,HPE
5277,HPE
5278,HPE
5279,HCE
5280,HCE
5281,HCE
5282,HCE
5283,HCE
5284,HCE
5285,HCE
5286,HCE
5287,HPE
5288,HPE
5289,HPE
5290,HPE
5291,HPE
5292,HPE
5293,HPE
5294,HPE
5295,HPE
5296,HPE
5297,HPE
5298,HPE
5299,HPE
5300,HPE
5301,HPE
5302,HPE
5303,HCE
5304,HCE
5305,HCE
5306,HCE
5307,HCE
5308,HCE
5309,HCE
5310,HCE
5311,HPE
5312,HPE
5313,HPE
5314,HPE
5315,HPE
5316,HPE
5317,HPE
5318,HPE
5319,HPE
5320,HPE
5321,HPE
5322,HPE
5323,HPE
5324,HPE
5325,HPE
5326,HPE
5327,HCE
5328,HCE
5329,HCE
5330,HCE
5331,HCE
5332,HCE
5333,HCE
5334,HCE
5335,HPE
5336,HPE
5337,HPE
5338,HPE
5339,HPE
5340,HPE
5341,HPE
5342,HPE
5343,HPE
5344,HPE
5345,HPE
5346,HPE
5347,HPE
5348,HPE
5349,HPE
5350,HPE
5351,HCE
5352,HCE
5353,HCE
5354,HCE
5355,HCE
5356,HCE
5357,HCE
5358,HCE
5359,HPE
5360,HPE
5361,HPE
5362,HPE
5363,HPE
5364,HPE
5365,HPE
5366,HPE
5367,HPE
5368,HPE
5369,HPE
5370,HPE
5371,HPE
5372,HPE
5373,HPE
5374,HPE
5375,HCE
5376,HCE
5377,HCE
5378,HCE
5379,HCE
5380,HCE
5381,HCE
5382,HCE
5383,HPE
5384,HPE
5385,HPE
5386,HPE
5387,HPE
5388,HPE
5389,HPE
5390,HPE
5391,HPE
5392,HPE
5393,HPE
5394,HPE
5395,HPE
5396,HPE
5397,HPE
5398,HPE
5399,HCE
5400,HCE
5401,HCE
5402,HCE
5403,HCE
5404,HCE
5405,HCE
5406,HCE
5407,HPE
5408,HPE
5409,HPE
5410,HPE
5411,HPE
5412,HPE
5413,HPE
5414,HPE
5415,HPE
5416,HPE
5417,HPE
5418,HPE
5419,HPE
5420,HPE
5421,HPE
5422,HPE
5423,HCE
5424,HCE
5425,HCE
5426,HCE
5427,HCE
5428,HCE
5429,HCE
5430,HCE
5431,HPE
5432,HPE
5433,HPE
5434,HPE
5435,HPE
5436,HPE
5437,HPE
5438,HPE
5439,HPE
5440,HPE
5441,HPE
5442,HPE
5443,HPE
5444,HPE
5445,HPE
5446,HPE
5447,HCE
5448,HCE
5449,HCE
5450,HCE
5451,HCE
5452,HCE
5453,HCE
5454,HCE
5455,HPE
5456,HPE
5457,HPE
5458,HPE
5459,HPE
5460,HPE
5461,HPE
5462,HPE
5463,HPE
5464,HPE
5465,HPE
5466,HPE
5467,HPE
5468,HPE
5469,HPE
5470,HPE
5471,HCE
5472,HCE
5473,HCE
5474,HCE
5475,HCE
5476,HCE
5477,HCE
5478,HCE
5479,HPE
5480,HPE
5481,HPE
5482,HPE
5483,HPE
5484,HPE
5485,HPE
5486,HPE
5487,HPE
5488,HPE
5489,HPE
5490,HPE
5491,HPE
5492,HPE
5493,HPE
5494,HPE
5495,HCE
5496,HCE
5497,HCE
5498,HCE
5499,HCE
5500,HCE
5501,HCE
5502,HCE
5503,HPE
5504,HPE
5505,HPE
5506,HPE
5507,HPE
5508,HPE
5509,HPE
5510,HPE
5511,HPE
5512,HPE
5513,HPE
5514,HPE
5515,HPE
5516,HPE
5517,HPE
5518,HPE
5519,HCE
5520,HCE
5521,HCE
5522,HCE
5523,HCE
5524,HCE
5525,HCE
5526,HCE
5527,HPE
5528,HPE
5529,HPE
5530,HPE
5531,HPE
5532,HPE
5533,HPE
5534,HPE
5535,HPE
5536,HPE
5537,HPE
5538,HPE
5539,HPE
5540,HPE
5541,HPE
5542,HPE
5543,HCE
5544,HCE
5545,HCE
5546,HCE
5547,HCE
5548,HCE
5549,HCE
5550,HCE
5551,HPE
5552,HPE
5553,HPE
5554,HPE
5555,HPE
5556,HPE
5557,HPE
5558,HPE
5559,HPE
5560,HPE
5561,HPE
5562,HPE
5563,HPE
5564,HPE
5565,HPE
5566,HPE
5567,HCE
5568,HCE
5569,HCE
5570,HCE
5571,HCE
5572,HCE
5573,HCE
5574,HCE
5575,HPE
5576,HPE
5577,HPE
5578,HPE
5579,HPE
5580,HPE
5581,HPE
5582,HPE
5583,HPE
5584,HPE
5585,HPE
5586,HPE
5587,HPE
5588,HPE
5589,HPE
5590,HPE
5591,HCE
5592,HCE
5593,HCE
5594,HCE
5595,HCE
5596,HCE
5597,HCE
5598,HCE
5599,HPE
5600,HPE
5601,HPE
5602,HPE
5603,HPE
5604,HPE
5605,HPE
5606,HPE
5607,HPE
5608,HPE
5609,HPE
5610,HPE
5611,HPE
5612,HPE
5613,HPE
5614,HPE
5615,HCE
5616,HCE
5617,HCE
5618,HCE
5619,HCE
5620,HCE
5621,HCE
5622,HCE
5623,HPE
5624,HPE
5625,HPE
5626,HPE
5627,HPE
5628,HPE
5629,HPE
5630,HPE
5631,HPE
5632,HPE
5633,HPE
5634,HPE
5635,HPE
5636,HPE
5637,HPE
5638,HPE
5639,HCE
5640,HCE
5641,HCE
5642,HCE
5643,HCE
5644,HCE
5645,HCE
5646,HCE
5647,HPE
5648,HPE
5649,HPE
5650,HPE
5651,HPE
5652,HPE
5653,HPE
5654,HPE
5655,HPE
5656,HPE
5657,HPE
5658,HPE
5659,HPE
5660,HPE
5661,HPE
5662,HPE
5663,HCE
5664,HCE
5665,HCE
5666,HCE
5667,HCE
5668,HCE
5669,HCE
5670,HCE
5671,HPE
5672,HPE
5673,HPE
5674,HPE
5675,HPE
5676,HPE
5677,HPE
5678,HPE
5679,HPE
5680,HPE
5681,HPE
5682,HPE
5683,HPE
5684,HPE
5685,HPE
5686,HPE
5687,HCE
5688,HCE
5689,HCE
5690,HCE
5691,HCE
5692,HCE
5693,HCE
5694,HCE
5695,HPE
5696,HPE
5697,HPE
5698,HPE
5699,HPE
5700,HPE
5701,HPE
5702,HPE
5703,HPE
5704,HPE
5705,HPE
5706,HPE
5707,HPE
5708,HPE
5709,HPE
5710,HPE
5711,HCE
5712,HCE
5713,HCE
5714,HCE
5715,HCE
5716,HCE
5717,HCE
5718,HCE
5719,HPE
5720,HPE
5721,HPE
5722,HPE
5723,HPE
5724,HPE
5725,HPE
5726,HPE
5727,HPE
5728,HPE
5729,HPE
5730,HPE
5731,HPE
5732,HPE
5733,HPE
5734,HPE
5735,HCE
5736,HCE
5737,HCE
5738,HCE
5739,HCE
5740,HCE
5741,HCE
5742,HCE
5743,HPE
5744,HPE
5745,HPE
5746,HPE
5747,HPE
5748,HPE
5749,HPE
5750,HPE
5751,HPE
5752,HPE
5753,HPE
5754,HPE
5755,HPE
5756,HPE
5757,HPE
5758,HPE
5759,HCE
5760,HCE
5761,HCE
5762,HCE
5763,HCE
5764,HCE
5765,HCE
5766,HCE
5767,HPE
5768,HPE
5769,HPE
5770,HPE
5771,HPE
5772,HPE
5773,HPE
5774,HPE
5775,HPE
5776,HPE
5777,HPE
5778,HPE
5779,HPE
5780,HPE
5781,HPE
5782,HPE
5783,HCE
5784,HCE
5785,HCE
5786,HCE
5787,HCE
5788,HCE
5789,HCE
5790,HCE
5791,HPE
5792,HPE
5793,HPE
5794,HPE
5795,HPE
5796,HPE
5797,HPE
5798,HPE
5799,HPE
5800,HPE
5801,HPE
5802,HPE
5803,HPE
5804,HPE
5805,HPE
5806,HPE
5807,HCE
5808,HCE
5809,HCE
5810,HCE
5811,HCE
5812,HCE
5813,HCE
5814,HCE
5815,HPE
5816,HPE
5817,HPE
5818,HPE
5819,HPE
5820,HPE
5821,HPE
5822,HPE
5823,HPE
5824,HPE
5825,HPE
5826,HPE
5827,HPE
5828,HPE
5829,HPE
5830,HPE
5831,HCE
5832,HCE
5833,HCE
5834,HCE
5835,HCE
5836,HCE
5837,HCE
5838,HCE
5839,HPE
5840,HPE
5841,HPE
5842,HPE
5843,HPE
5844,HPE
5845,HPE
5846,HPE
5847,HPE
5848,HPE
5849,HPE
5850,HPE
5851,HPE
5852,HPE
5853,HPE
5854,HPE
5855,HCE
5856,HCE
5857,HCE
5858,HCE
5859,HCE
5860,HCE
5861,HCE
5862,HCE
5863,HPE
5864,HPE
5865,HPE
5866,HPE
5867,HPE
5868,HPE
5869,HPE
5870,HPE
5871,HPE
5872,HPE
5873,HPE
5874,HPE
5875,HPE
5876,HPE
5877,HPE
5878,HPE
5879,HCE
5880,HCE
5881,HCE
5882,HCE
5883,HCE
5884,HCE
5885,HCE
5886,HCE
5887,HPE
5888,HPE
5889,HPE
5890,HPE
5891,HPE
5892,HPE
5893,HPE
5894,HPE
5895,HPE
5896,HPE
5897,HPE
5898,HPE
5899,HPE
5900,HPE
5901,HPE
5902,HPE
5903,HCE
5904,HCE
5905,HCE
5906,HCE
5907,HCE
5908,HCE
5909,HCE
5910,HCE
5911,HPE
5912,HPE
5913,HPE
5914,HPE
5915,HPE
5916,HPE
5917,HPE
5918,HPE
5919,HPE
5920,HPE
5921,HPE
5922,HPE
5923,HPE
5924,HPE
5925,HPE
5926,HPE
5927,HCE
5928,HCE
5929,HCE
5930,HCE
5931,HCE
5932,HCE
5933,HCE
5934,HCE
5935,HPE
5936,HPE
5937,HPE
5938,HPE
5939,HPE
5940,HPE
5941,HPE
5942,HPE
5943,HPE
5944,HPE
5945,HPE
5946,HPE
5947,HPE
5948,HPE
5949,HPE
5950,HPE
5951,HCE
5952,HCE
5953,HCE
5954,HCE
5955,HCE
5956,HCE
5957,HCE
5958,HCE
5959,HPE
5960,HPE
5961,HPE
5962,HPE
5963,HPE
5964,HPE
5965,HPE
5966,HPE
5967,HPE
5968,HPE
5969,HPE
5970,HPE
5971,HPE
5972,HPE
5973,HPE
5974,HPE
5975,HCE
5976,HCE
5977,HCE
5978,HCE
5979,HCE
5980,HCE
5981,HCE
5982,HCE
5983,HPE
5984,HPE
5985,HPE
5986,HPE
5987,HPE
5988,HPE
5989,HPE
5990,HPE
5991,HPE
5992,HPE
5993,HPE
5994,HPE
5995,HPE
5996,HPE
5997,HPE
5998,HPE
5999,HCE
6000,HCE
6001,HCE
6002,HCE
6003,HCE
6004,HCE
6005,HCE
6006,HCE
6007,HPE
6008,HPE
6009,HPE
6010,HPE
6011,HPE
6012,HPE
6013,HPE
6014,HPE
6015,HPE
6016,HPE
6017,HPE
6018,HPE
6019,HPE
6020,HPE
6021,HPE
6022,HPE
6023,HCE
6024,HCE
6025,HCE
6026,HCE
6027,HCE
6028,HCE
6029,HCE
6030,HCE
6031,HPE
6032,HPE
6033,HPE
6034,HPE
6035,HPE
6036,HPE
6037,HPE
6038,HPE
6039,HPE
6040,HPE
6041,HPE
6042,HPE
6043,HPE
6044,HPE
6045,HPE
6046,HPE
6047,HCE
6048,HCE
6049,HCE
6050,HCE
6051,HCE
6052,HCE
6053,HCE
6054,HCE
6055,HPE
6056,HPE
6057,HPE
6058,HPE
6059,HPE
6060,HPE
6061,HPE
6062,HPE
6063,HPE
6064,HPE
6065,HPE
6066,HPE
6067,HPE
6068,HPE
6069,HPE
6070,HPE
6071,HCE
6072,HCE
6073,HCE
6074,HCE
6075,HCE
6076,HCE
6077,HCE
6078,HCE
6079,HPE
6080,HPE
6081,HPE
6082,HPE
6083,HPE
6084,HPE
6085,HPE
6086,HPE
6087,HPE
6088,HPE
6089,HPE
6090,HPE
6091,HPE
6092,HPE
6093,HPE
6094,HPE
6095,HCE
6096,HCE
6097,HCE
6098,HCE
6099,HCE
6100,HCE
6101,HCE
6102,HCE
6103,HPE
6104,HPE
6105,HPE
6106,HPE
6107,HPE
6108,HPE
6109,HPE
6110,HPE
6111,HPE
6112,HPE
6113,HPE
6114,HPE
6115,HPE
6116,HPE
6117,HPE
6118,HPE
6119,HCE
6120,HCE
6121,HCE
6122,HCE
6123,HCE
6124,HCE
6125,HCE
6126,HCE
6127,HPE
6128,HPE
6129,HPE
6130,HPE
6131,HPE
6132,HPE
6133,HPE
6134,HPE
6135,HPE
6136,HPE
6137,HPE
6138,HPE
6139,HPE
6140,HPE
6141,HPE
6142,HPE
6143,HCE
6144,HCE
6145,HCE
6146,HCE
6147,HCE
6148,HCE
6149,HCE
6150,HCE
6151,HPE
6152,HPE
6153,HPE
6154,HPE
6155,HPE
6156,HPE
6157,HPE
6158,HPE
6159,HPE
6160,HPE
6161,HPE
6162,HPE
6163,HPE
6164,HPE
6165,HPE
6166,HPE
6167,HCE
6168,HCE
6169,HCE
6170,HCE
6171,HCE
6172,HCE
6173,HCE
6174,HCE
6175,HPE
6176,HPE
6177,HPE
6178,HPE
6179,HPE
6180,HPE
6181,HPE
6182,HPE
6183,HPE
6184,HPE
6185,HPE
6186,HPE
6187,HPE
6188,HPE
6189,HPE
6190,HPE
6191,HCE
6192,HCE
6193,HCE
6194,HCE
6195,HCE
6196,HCE
6197,HCE
6198,HCE
6199,HPE
6200,HPE
6201,HPE
6202,HPE
6203,HPE
6204,HPE
6205,HPE
6206,HPE
6207,HPE
6208,HPE
6209,HPE
6210,HPE
6211,HPE
6212,HPE
6213,HPE
6214,HPE
6215,HCE
6216,HCE
6217,HCE
6218,HCE
6219,HCE
6220,HCE
6221,HCE
6222,HCE
6223,HPE
6224,HPE
6225,HPE
6226,HPE
6227,HPE
6228,HPE
6229,HPE
6230,HPE
6231,HPE
6232,HPE
6233,HPE
6234,HPE
6235,HPE
6236,HPE
6237,HPE
6238,HPE
6239,HCE
6240,HCE
6241,HCE
6242,HCE
6243,HCE
6244,HCE
6245,HCE
6246,HCE
6247,HPE
6248,HPE
6249,HPE
6250,HPE
6251,HPE
6252,HPE
6253,HPE
6254,HPE
6255,HPE
6256,HPE
6257,HPE
6258,HPE
6259,HPE
6260,HPE
6261,HPE
6262,HPE
6263,HCE
6264,HCE
6265,HCE
6266,HCE
6267,HCE
6268,HCE
6269,HCE
6270,HCE
6271,HPE
6272,HPE
6273,HPE
6274,HPE
6275,HPE
6276,HPE
6277,HPE
6278,HPE
6279,HPE
6280,HPE
6281,HPE
6282,HPE
6283,HPE
6284,HPE
6285,HPE
6286,HPE
6287,HCE
6288,HCE
6289,HCE
6290,HCE
6291,HCE
6292,HCE
6293,HCE
6294,HCE
6295,HPE
6296,HPE
6297,HPE
6298,HPE
6299,HPE
6300,HPE
6301,HPE
6302,HPE
6303,HPE
6304,HPE
6305,HPE
6306,HPE
6307,HPE
6308,HPE
6309,HPE
6310,HPE
6311,HCE
6312,HCE
6313,HCE
6314,HCE
6315,HCE
6316,HCE
6317,HCE
6318,HCE
6319,HPE
6320,HPE
6321,HPE
6322,HPE
6323,HPE
6324,HPE
6325,HPE
6326,HPE
6327,HPE
6328,HPE
6329,HPE
6330,HPE
6331,HPE
6332,HPE
6333,HPE
6334,HPE
6335,HCE
6336,HCE
6337,HCE
6338,HCE
6339,HCE
6340,HCE
6341,HCE
6342,HCE
6343,HPE
6344,HPE
6345,HPE
6346,HPE
6347,HPE
6348,HPE
6349,HPE
6350,HPE
6351,HPE
6352,HPE
6353,HPE
6354,HPE
6355,HPE
6356,HPE
6357,HPE
6358,HPE
6359,HCE
6360,HCE
6361,HCE
6362,HCE
6363,HCE
6364,HCE
6365,HCE
6366,HCE
6367,HPE
6368,HPE
6369,HPE
6370,HPE
6371,HPE
6372,HPE
6373,HPE
6374,HPE
6375,HPE
6376,HPE
6377,HPE
6378,HPE
6379,HPE
6380,HPE
6381,HPE
6382,HPE
6383,HCE
6384,HCE
6385,HCE
6386,HCE
6387,HCE
6388,HCE
6389,HCE
6390,HCE
6391,HPE
6392,HPE
6393,HPE
6394,HPE
6395,HPE
6396,HPE
6397,HPE
6398,HPE
6399,HPE
6400,HPE
6401,HPE
6402,HPE
6403,HPE
6404,HPE
6405,HPE
6406,HPE
6407,HCE
6408,HCE
6409,HCE
6410,HCE
6411,HCE
6412,HCE
6413,HCE
6414,HCE
6415,HPE
6416,HPE
6417,HPE
6418,HPE
6419,HPE
6420,HPE
6421,HPE
6422,HPE
6423,HPE
6424,HPE
6425,HPE
6426,HPE
6427,HPE
6428,HPE
6429,HPE
6430,HPE
6431,HCE
6432,HCE
6433,HCE
6434,HCE
6435,HCE
6436,HCE
6437,HCE
6438,HCE
6439,HPE
6440,HPE
6441,HPE
6442,HPE
6443,HPE
6444,HPE
6445,HPE
6446,HPE
6447,HPE
6448,HPE
6449,HPE
6450,HPE
6451,HPE
6452,HPE
6453,HPE
6454,HPE
6455,HCE
6456,HCE
6457,HCE
6458,HCE
6459,HCE
6460,HCE
6461,HCE
6462,HCE
6463,HPE
6464,HPE
6465,HPE
6466,HPE
6467,HPE
6468,HPE
6469,HPE
6470,HPE
6471,HPE
6472,HPE
6473,HPE
6474,HPE
6475,HPE
6476,HPE
6477,HPE
6478,HPE
6479,HCE
6480,HCE
6481,HCE
6482,HCE
6483,HCE
6484,HCE
6485,HCE
6486,HCE
6487,HPE
6488,HPE
6489,HPE
6490,HPE
6491,HPE
6492,HPE
6493,HPE
6494,HPE
6495,HPE
6496,HPE
6497,HPE
6498,HPE
6499,HPE
6500,HPE
6501,HPE
6502,HPE
6503,HCE
6504,HCE
6505,HCE
6506,HCE
6507,HCE
6508,HCE
6509,HCE
6510,HCE
6511,HPE
6512,HPE
6513,HPE
6514,HPE
6515,HPE
6516,HPE
6517,HPE
6518,HPE
6519,HPE
6520,HPE
6521,HPE
6522,HPE
6523,HPE
6524,HPE
6525,HPE
6526,HPE
6527,HCE
6528,HCE
6529,HCE
6530,HCE
6531,HCE
6532,HCE
6533,HCE
6534,HCE
6535,HPE
6536,HPE
6537,HPE
6538,HPE
6539,HPE
6540,HPE
6541,HPE
6542,HPE
6543,HPE
6544,HPE
6545,HPE
6546,HPE
6547,HPE
6548,HPE
6549,HPE
6550,HPE
6551,HCE
6552,HCE
6553,HCE
6554,HCE
6555,HCE
6556,HCE
6557,HCE
6558,HCE
6559,HPE
6560,HPE
6561,HPE
6562,HPE
6563,HPE
6564,HPE
6565,HPE
6566,HPE
6567,HPE
6568,HPE
6569,HPE
6570,HPE
6571,HPE
6572,HPE
6573,HPE
6574,HPE
6575,HCE
6576,HCE
6577,HCE
6578,HCE
6579,HCE
6580,HCE
6581,HCE
6582,HCE
6583,HPE
6584,HPE
6585,HPE
6586,HPE
6587,HPE
6588,HPE
6589,HPE
6590,HPE
6591,HPE
6592,HPE
6593,HPE
6594,HPE
6595,HPE
6596,HPE
6597,HPE
6598,HPE
6599,HCE
6600,HCE
6601,HCE
6602,HCE
6603,HCE
6604,HCE
6605,HCE
6606,HCE
6607,HPE
6608,HPE
6609,HPE
6610,HPE
6611,HPE
6612,HPE
6613,HPE
6614,HPE
6615,HPE
6616,HPE
6617,HPE
6618,HPE
6619,HPE
6620,HPE
6621,HPE
6622,HPE
6623,HCE
6624,HCE
6625,HCE
6626,HCE
6627,HCE
6628,HCE
6629,HCE
6630,HCE
6631,HPE
6632,HPE
6633,HPE
6634,HPE
6635,HPE
6636,HPE
6637,HPE
6638,HPE
6639,HPE
6640,HPE
6641,HPE
6642,HPE
6643,HPE
6644,HPE
6645,HPE
6646,HPE
6647,HCE
6648,HCE
6649,HCE
6650,HCE
6651,HCE
6652,HCE
6653,HCE
6654,HCE
6655,HPE
6656,HPE
6657,HPE
6658,HPE
6659,HPE
6660,HPE
6661,HPE
6662,HPE
6663,HPE
6664,HPE
6665,HPE
6666,HPE
6667,HPE
6668,HPE
6669,HPE
6670,HPE
6671,HCE
6672,HCE
6673,HCE
6674,HCE
6675,HCE
6676,HCE
6677,HCE
6678,HCE
6679,HPE
6680,HPE
6681,HPE
6682,HPE
6683,HPE
6684,HPE
6685,HPE
6686,HPE
6687,HPE
6688,HPE
6689,HPE
6690,HPE
6691,HPE
6692,HPE
6693,HPE
6694,HPE
6695,HCE
6696,HCE
6697,HCE
6698,HCE
6699,HCE
6700,HCE
6701,HCE
6702,HCE
6703,HPE
6704,HPE
6705,HPE
6706,HPE
6707,HPE
6708,HPE
6709,HPE
6710,HPE
6711,HPE
6712,HPE
6713,HPE
6714,HPE
6715,HPE
6716,HPE
6717,HPE
6718,HPE
6719,HCE
6720,HCE
6721,HCE
6722,HCE
6723,HCE
6724,HCE
6725,HCE
6726,HCE
6727,HPE
6728,HPE
6729,HPE
6730,HPE
6731,HPE
6732,HPE
6733,HPE
6734,HPE
6735,HPE
6736,HPE
6737,HPE
6738,HPE
6739,HPE
6740,HPE
6741,HPE
6742,HPE
6743,HCE
6744,HCE
6745,HCE
6746,HCE
6747,HCE
6748,HCE
6749,HCE
6750,HCE
6751,HPE
6752,HPE
6753,HPE
6754,HPE
6755,HPE
6756,HPE
6757,HPE
6758,HPE
6759,HPE
6760,HPE
6761,HPE
6762,HPE
6763,HPE
6764,HPE
6765,HPE
6766,HPE
6767,HCE
6768,HCE
6769,HCE
6770,HCE
6771,HCE
6772,HCE
6773,HCE
6774,HCE
6775,HPE
6776,HPE
6777,HPE
6778,HPE
6779,HPE
6780,HPE
6781,HPE
6782,HPE
6783,HPE
6784,HPE
6785,HPE
6786,HPE
6787,HPE
6788,HPE
6789,HPE
6790,HPE
6791,HCE
6792,HCE
6793,HCE
6794,HCE
6795,HCE
6796,HCE
6797,HCE
6798,HCE
6799,HPE
6800,HPE
6801,HPE
6802,HPE
6803,HPE
6804,HPE
6805,HPE
6806,HPE
6807,HPE
6808,HPE
6809,HPE
6810,HPE
6811,HPE
6812,HPE
6813,HPE
6814,HPE
6815,HCE
6816,HCE
6817,HCE
6818,HCE
6819,HCE
6820,HCE
6821,HCE
6822,HCE
6823,HPE
6824,HPE
6825,HPE
6826,HPE
6827,HPE
6828,HPE
6829,HPE
6830,HPE
6831,HPE
6832,HPE
6833,HPE
6834,HPE
6835,HPE
6836,HPE
6837,HPE
6838,HPE
6839,HCE
6840,HCE
6841,HCE
6842,HCE
6843,HCE
6844,HCE
6845,HCE
6846,HCE
6847,HPE
6848,HPE
6849,HPE
6850,HPE
6851,HPE
6852,HPE
6853,HPE
6854,HPE
6855,HPE
6856,HPE
6857,HPE
6858,HPE
6859,HPE
6860,HPE
6861,HPE
6862,HPE
6863,HCE
6864,HCE
6865,HCE
6866,HCE
6867,HCE
6868,HCE
6869,HCE
6870,HCE
6871,HPE
6872,HPE
6873,HPE
6874,HPE
6875,HPE
6876,HPE
6877,HPE
6878,HPE
6879,HPE
6880,HPE
6881,HPE
6882,HPE
6883,HPE
6884,HPE
6885,HPE
6886,HPE
6887,HCE
6888,HCE
6889,HCE
6890,HCE
6891,HCE
6892,HCE
6893,HCE
6894,HCE
6895,HPE
6896,HPE
6897,HPE
6898,HPE
6899,HPE
6900,HPE
6901,HPE
6902,HPE
6903,HPE
6904,HPE
6905,HPE
6906,HPE
6907,HPE
6908,HPE
6909,HPE
6910,HPE
6911,HCE
6912,HCE
6913,HCE
6914,HCE
6915,HCE
6916,HCE
6917,HCE
6918,HCE
6919,HPE
6920,HPE
6921,HPE
6922,HPE
6923,HPE
6924,HPE
6925,HPE
6926,HPE
6927,HPE
6928,HPE
6929,HPE
6930,HPE
6931,HPE
6932,HPE
6933,HPE
6934,HPE
6935,HCE
6936,HCE
6937,HCE
6938,HCE
6939,HCE
6940,HCE
6941,HCE
6942,HCE
6943,HPE
6944,HPE
6945,HPE
6946,HPE
6947,HPE
6948,HPE
6949,HPE
6950,HPE
6951,HPE
6952,HPE
6953,HPE
6954,HPE
6955,HPE
6956,HPE
6957,HPE
6958,HPE
6959,HCE
6960,HCE
6961,HCE
6962,HCE
6963,HCE
6964,HCE
6965,HCE
6966,HCE
6967,HPE
6968,HPE
6969,HPE
6970,HPE
6971,HPE
6972,HPE
6973,HPE
6974,HPE
6975,HPE
6976,HPE
6977,HPE
6978,HPE
6979,HPE
6980,HPE
6981,HPE
6982,HPE
6983,HCE
6984,HCE
6985,HCE
6986,HCE
6987,HCE
6988,HCE
6989,HCE
6990,HCE
6991,HPE
6992,HPE
6993,HPE
6994,HPE
6995,HPE
6996,HPE
6997,HPE
6998,HPE
6999,HPE
7000,HPE
7001,HPE
7002,HPE
7003,HPE
7004,HPE
7005,HPE
7006,HPE
7007,HCE
7008,HCE
7009,HCE
7010,HCE
7011,HCE
7012,HCE
7013,HCE
7014,HCE
7015,HPE
7016,HPE
7017,HPE
7018,HPE
7019,HPE
7020,HPE
7021,HPE
7022,HPE
7023,HPE
7024,HPE
7025,HPE
7026,HPE
7027,HPE
7028,HPE
7029,HPE
7030,HPE
7031,HCE
7032,HCE
7033,HCE
7034,HCE
7035,HCE
7036,HCE
7037,HCE
7038,HCE
7039,HPE
7040,HPE
7041,HPE
7042,HPE
7043,HPE
7044,HPE
7045,HPE
7046,HPE
7047,HPE
7048,HPE
7049,HPE
7050,HPE
7051,HPE
7052,HPE
7053,HPE
7054,HPE
7055,HCE
7056,HCE
7057,HCE
7058,HCE
7059,HCE
7060,HCE
7061,HCE
7062,HCE
7063,HPE
7064,HPE
7065,HPE
7066,HPE
7067,HPE
7068,HPE
7069,HPE
7070,HPE
7071,HPE
7072,HPE
7073,HPE
7074,HPE
7075,HPE
7076,HPE
7077,HPE
7078,HPE
7079,HCE
7080,HCE
7081,HCE
7082,HCE
7083,HCE
7084,HCE
7085,HCE
7086,HCE
7087,HPE
7088,HPE
7089,HPE
7090,HPE
7091,HPE
7092,HPE
7093,HPE
7094,HPE
7095,HPE
7096,HPE
7097,HPE
7098,HPE
7099,HPE
7100,HPE
7101,HPE
7102,HPE
7103,HCE
7104,HCE
7105,HCE
7106,HCE
7107,HCE
7108,HCE
7109,HCE
7110,HCE
7111,HPE
7112,HPE
7113,HPE
7114,HPE
7115,HPE
7116,HPE
7117,HPE
7118,HPE
7119,HPE
7120,HPE
7121,HPE
7122,HPE
7123,HPE
7124,HPE
7125,HPE
7126,HPE
7127,HCE
7128,HCE
7129,HCE
7130,HCE
7131,HCE
7132,HCE
7133,HCE
7134,HCE
7135,HPE
7136,HPE
7137,HPE
7138,HPE
7139,HPE
7140,HPE
7141,HPE
7142,HPE
7143,HPE
7144,HPE
7145,HPE
7146,HPE
7147,HPE
7148,HPE
7149,HPE
7150,HPE
7151,HCE
7152,HCE
7153,HCE
7154,HCE
7155,HCE
7156,HCE
7157,HCE
7158,HCE
7159,HPE
7160,HPE
7161,HPE
7162,HPE
7163,HPE
7164,HPE
7165,HPE
7166,HPE
7167,HPE
7168,HPE
7169,HPE
7170,HPE
7171,HPE
7172,HPE
7173,HPE
7174,HPE
7175,HCE
7176,HCE
7177,HCE
7178,HCE
7179,HCE
7180,HCE
7181,HCE
7182,HCE
7183,HPE
7184,HPE
7185,HPE
7186,HPE
7187,HPE
7188,HPE
7189,HPE
7190,HPE
7191,HPE
7192,HPE
7193,HPE
7194,HPE
7195,HPE
7196,HPE
7197,HPE
7198,HPE
7199,HCE
7200,HCE
7201,HCE
7202,HCE
7203,HCE
7204,HCE
7205,HCE
7206,HCE
7207,HPE
7208,HPE
7209,HPE
7210,HPE
7211,HPE
7212,HPE
7213,HPE
7214,HPE
7215,HPE
7216,HPE
7217,HPE
7218,HPE
7219,HPE
7220,HPE
7221,HPE
7222,HPE
7223,HCE
7224,HCE
7225,HCE
7226,HCE
7227,HCE
7228,HCE
7229,HCE
7230,HCE
7231,HPE
7232,HPE
7233,HPE
7234,HPE
7235,HPE
7236,HPE
7237,HPE
7238,HPE
7239,HPE
7240,HPE
7241,HPE
7242,HPE
7243,HPE
7244,HPE
7245,HPE
7246,HPE
7247,HCE
7248,HCE
7249,HCE
7250,HCE
7251,HCE
7252,HCE
7253,HCE
7254,HCE
7255,HPE
7256,HPE
7257,HPE
7258,HPE
7259,HPE
7260,HPE
7261,HPE
7262,HPE
7263,HPE
7264,HPE
7265,HPE
7266,HPE
7267,HPE
7268,HPE
7269,HPE
7270,HPE
7271,HCE
7272,HCE
7273,HCE
7274,HCE
7275,HCE
7276,HCE
7277,HCE
7278,HCE
7279,HPE
7280,HPE
7281,HPE
7282,HPE
7283,HPE
7284,HPE
7285,HPE
7286,HPE
7287,HPE
7288,HPE
7289,HPE
7290,HPE
7291,HPE
7292,HPE
7293,HPE
7294,HPE
7295,HCE
7296,HCE
7297,HCH
7298,HCH
7299,HCH
7300,HCH
7301,HCH
7302,HCH
7303,HPH
7304,HPH
7305,HPH
7306,HPH
7307,HPH
7308,HPH
7309,HPH
7310,HPH
7311,HPH
7312,HPH
7313,HPH
7314,HPH
7315,HPH
7316,HPH
7317,HPH
7318,HPH
7319,HCH
7320,HCH
7321,HCH
7322,HCH
7323,HCH
7324,HCH
7325,HCH
7326,HCH
7327,HPH
7328,HPH
7329,HPH
7330,HPH
7331,HPH
7332,HPH
7333,HPH
7334,HPH
7335,HPH
7336,HPH
7337,HPH
7338,HPH
7339,HPH
7340,HPH
7341,HPH
7342,HPH
7343,HCH
7344,HCH
7345,HCH
7346,HCH
7347,HCH
7348,HCH
7349,HCH
7350,HCH
7351,HPH
7352,HPH
7353,HPH
7354,HPH
7355,HPH
7356,HPH
7357,HPH
7358,HPH
7359,HPH
7360,HPH
7361,HPH
7362,HPH
7363,HPH
7364,HPH
7365,HPH
7366,HPH
7367,HCH
7368,HCH
7369,HCH
7370,HCH
7371,HCH
7372,HCH
7373,HCH
7374,HCH
7375,HPH
7376,HPH
7377,HPH
7378,HPH
7379,HPH
7380,HPH
7381,HPH
7382,HPH
7383,HPH
7384,HPH
7385,HPH
7386,HPH
7387,HPH
7388,HPH
7389,HPH
7390,HPH
7391,HCH
7392,HCH
7393,HCH
7394,HCH
7395,HCH
7396,HCH
7397,HCH
7398,HCH
7399,HPH
7400,HPH
7401,HPH
7402,HPH
7403,HPH
7404,HPH
7405,HPH
7406,HPH
7407,HPH
7408,HPH
7409,HPH
7410,HPH
7411,HPH
7412,HPH
7413,HPH
7414,HPH
7415,HCH
7416,HCH
7417,HCH
7418,HCH
7419,HCH
7420,HCH
7421,HCH
7422,HCH
7423,HPH
7424,HPH
7425,HPH
7426,HPH
7427,HPH
7428,HPH
7429,HPH
7430,HPH
7431,HPH
7432,HPH
7433,HPH
7434,HPH
7435,HPH
7436,HPH
7437,HPH
7438,HPH
7439,HCH
7440,HCH
7441,HCH
7442,HCH
7443,HCH
7444,HCH
7445,HCH
7446,HCH
7447,HPH
7448,HPH
7449,HPH
7450,HPH
7451,HPH
7452,HPH
7453,HPH
7454,HPH
7455,HPH
7456,HPH
7457,HPH
7458,HPH
7459,HPH
7460,HPH
7461,HPH
7462,HPH
7463,HCH
7464,HCH
7465,HCH
7466,HCH
7467,HCH
7468,HCH
7469,HCH
7470,HCH
7471,HPH
7472,HPH
7473,HPH
7474,HPH
7475,HPH
7476,HPH
7477,HPH
7478,HPH
7479,HPH
7480,HPH
7481,HPH
7482,HPH
7483,HPH
7484,HPH
7485,HPH
7486,HPH
7487,HCH
7488,HCH
7489,HCH
7490,HCH
7491,HCH
7492,HCH
7493,HCH
7494,HCH
7495,HPH
7496,HPH
7497,HPH
7498,HPH
7499,HPH
7500,HPH
7501,HPH
7502,HPH
7503,HPH
7504,HPH
7505,HPH
7506,HPH
7507,HPH
7508,HPH
7509,HPH
7510,HPH
7511,HCH
7512,HCH
7513,HCH
7514,HCH
7515,HCH
7516,HCH
7517,HCH
7518,HCH
7519,HPH
7520,HPH
7521,HPH
7522,HPH
7523,HPH
7524,HPH
7525,HPH
7526,HPH
7527,HPH
7528,HPH
7529,HPH
7530,HPH
7531,HPH
7532,HPH
7533,HPH
7534,HPH
7535,HCH
7536,HCH
7537,HCH
7538,HCH
7539,HCH
7540,HCH
7541,HCH
7542,HCH
7543,HPH
7544,HPH
7545,HPH
7546,HPH
7547,HPH
7548,HPH
7549,HPH
7550,HPH
7551,HPH
7552,HPH
7553,HPH
7554,HPH
7555,HPH
7556,HPH
7557,HPH
7558,HPH
7559,HCH
7560,HCH
7561,HCH
7562,HCH
7563,HCH
7564,HCH
7565,HCH
7566,HCH
7567,HPH
7568,HPH
7569,HPH
7570,HPH
7571,HPH
7572,HPH
7573,HPH
7574,HPH
7575,HPH
7576,HPH
7577,HPH
7578,HPH
7579,HPH
7580,HPH
7581,HPH
7582,HPH
7583,HCH
7584,HCH
7585,HCH
7586,HCH
7587,HCH
7588,HCH
7589,HCH
7590,HCH
7591,HPH
7592,HPH
7593,HPH
7594,HPH
7595,HPH
7596,HPH
7597,HPH
7598,HPH
7599,HPH
7600,HPH
7601,HPH
7602,HPH
7603,HPH
7604,HPH
7605,HPH
7606,HPH
7607,HCH
7608,HCH
7609,HCH
7610,HCH
7611,HCH
7612,HCH
7613,HCH
7614,HCH
7615,HPH
7616,HPH
7617,HPH
7618,HPH
7619,HPH
7620,HPH
7621,HPH
7622,HPH
7623,HPH
7624,HPH
7625,HPH
7626,HPH
7627,HPH
7628,HPH
7629,HPH
7630,HPH
7631,HCH
7632,HCH
7633,HCH
7634,HCH
7635,HCH
7636,HCH
7637,HCH
7638,HCH
7639,HPH
7640,HPH
7641,HPH
7642,HPH
7643,HPH
7644,HPH
7645,HPH
7646,HPH
7647,HPH
7648,HPH
7649,HPH
7650,HPH
7651,HPH
7652,HPH
7653,HPH
7654,HPH
7655,HCH
7656,HCH
7657,HCH
7658,HCH
7659,HCH
7660,HCH
7661,HCH
7662,HCH
7663,HPH
7664,HPH
7665,HPH
7666,HPH
7667,HPH
7668,HPH
7669,HPH
7670,HPH
7671,HPH
7672,HPH
7673,HPH
7674,HPH
7675,HPH
7676,HPH
7677,HPH
7678,HPH
7679,HCH
7680,HCH
7681,HCH
7682,HCH
7683,HCH
7684,HCH
7685,HCH
7686,HCH
7687,HPH
7688,HPH
7689,HPH
7690,HPH
7691,HPH
7692,HPH
7693,HPH
7694,HPH
7695,HPH
7696,HPH
7697,HPH
7698,HPH
7699,HPH
7700,HPH
7701,HPH
7702,HPH
7703,HCH
7704,HCH
7705,HCH
7706,HCH
7707,HCH
7708,HCH
7709,HCH
7710,HCH
7711,HPH
7712,HPH
7713,HPH
7714,HPH
7715,HPH
7716,HPH
7717,HPH
7718,HPH
7719,HPH
7720,HPH
7721,HPH
7722,HPH
7723,HPH
7724,HPH
7725,HPH
7726,HPH
7727,HCH
7728,HCH
7729,HCH
7730,HCH
7731,HCH
7732,HCH
7733,HCH
7734,HCH
7735,HPH
7736,HPH
7737,HPH
7738,HPH
7739,HPH
7740,HPH
7741,HPH
7742,HPH
7743,HPH
7744,HPH
7745,HPH
7746,HPH
7747,HPH
7748,HPH
7749,HPH
7750,HPH
7751,HCH
7752,HCH
7753,HCH
7754,HCH
7755,HCH
7756,HCH
7757,HCH
7758,HCH
7759,HPH
7760,HPH
7761,HPH
7762,HPH
7763,HPH
7764,HPH
7765,HPH
7766,HPH
7767,HPH
7768,HPH
7769,HPH
7770,HPH
7771,HPH
7772,HPH
7773,HPH
7774,HPH
7775,HCH
7776,HCH
7777,HCH
7778,HCH
7779,HCH
7780,HCH
7781,HCH
7782,HCH
7783,HPH
7784,HPH
7785,HPH
7786,HPH
7787,HPH
7788,HPH
7789,HPH
7790,HPH
7791,HPH
7792,HPH
7793,HPH
7794,HPH
7795,HPH
7796,HPH
7797,HPH
7798,HPH
7799,HCH
7800,HCH
7801,HCH
7802,HCH
7803,HCH
7804,HCH
7805,HCH
7806,HCH
7807,HPH
7808,HPH
7809,HPH
7810,HPH
7811,HPH
7812,HPH
7813,HPH
7814,HPH
7815,HPH
7816,HPH
7817,HPH
7818,HPH
7819,HPH
7820,HPH
7821,HPH
7822,HPH
7823,HCH
7824,HCH
7825,HCH
7826,HCH
7827,HCH
7828,HCH
7829,HCH
7830,HCH
7831,HPH
7832,HPH
7833,HPH
7834,HPH
7835,HPH
7836,HPH
7837,HPH
7838,HPH
7839,HPH
7840,HPH
7841,HPH
7842,HPH
7843,HPH
7844,HPH
7845,HPH
7846,HPH
7847,HCH
7848,HCH
7849,HCH
7850,HCH
7851,HCH
7852,HCH
7853,HCH
7854,HCH
7855,HPH
7856,HPH
7857,HPH
7858,HPH
7859,HPH
7860,HPH
7861,HPH
7862,HPH
7863,HPH
7864,HPH
7865,HPH
7866,HPH
7867,HPH
7868,HPH
7869,HPH
7870,HPH
7871,HCH
7872,HCH
7873,HCH
7874,HCH
7875,HCH
7876,HCH
7877,HCH
7878,HCH
7879,HPH
7880,HPH
7881,HPH
7882,HPH
7883,HPH
7884,HPH
7885,HPH
7886,HPH
7887,HPH
7888,HPH
7889,HPH
7890,HPH
7891,HPH
7892,HPH
7893,HPH
7894,HPH
7895,HCH
7896,HCH
7897,HCH
7898,HCH
7899,HCH
7900,HCH
7901,HCH
7902,HCH
7903,HPH
7904,HPH
7905,HPH
7906,HPH
7907,HPH
7908,HPH
7909,HPH
7910,HPH
7911,HPH
7912,HPH
7913,HPH
7914,HPH
7915,HPH
7916,HPH
7917,HPH
7918,HPH
7919,HCH
7920,HCH
7921,HCH
7922,HCH
7923,HCH
7924,HCH
7925,HCH
7926,HCH
7927,HPH
7928,HPH
7929,HPH
7930,HPH
7931,HPH
7932,HPH
7933,HPH
7934,HPH
7935,HPH
7936,HPH
7937,HPH
7938,HPH
7939,HPH
7940,HPH
7941,HPH
7942,HPH
7943,HCH
7944,HCH
7945,HCH
7946,HCH
7947,HCH
7948,HCH
7949,HCH
7950,HCH
7951,HPH
7952,HPH
7953,HPH
7954,HPH
7955,HPH
7956,HPH
7957,HPH
7958,HPH
7959,HPH
7960,HPH
7961,HPH
7962,HPH
7963,HPH
7964,HPH
7965,HPH
7966,HPH
7967,HCH
7968,HCH
7969,HCH
7970,HCH
7971,HCH
7972,HCH
7973,HCH
7974,HCH
7975,HPH
7976,HPH
7977,HPH
7978,HPH
7979,HPH
7980,HPH
7981,HPH
7982,HPH
7983,HPH
7984,HPH
7985,HPH
7986,HPH
7987,HPH
7988,HPH
7989,HPH
7990,HPH
7991,HCH
7992,HCH
7993,HCH
7994,HCH
7995,HCH
7996,HCH
7997,HCH
7998,HCH
7999,HPH
8000,HPH
8001,HPH
8002,HPH
8003,HPH
8004,HPH
8005,HPH
8006,HPH
8007,HPH
8008,HPH
8009,HPH
8010,HPH
8011,HPH
8012,HPH
8013,HPH
8014,HPH
8015,HCH
8016,HCH
8017,HCH
8018,HCH
8019,HCH
8020,HCH
8021,HCH
8022,HCH
8023,P
8024,P
8025,HPH
8026,HPH
8027,HPH
8028,HPH
8029,HPH
8030,HPH
8031,HPH
8032,HPH
8033,HPH
8034,HPH
8035,P
8036,P
8037,HPH
8038,HPH
8039,HCH
8040,HCH
8041,HCH
8042,HCH
8043,HCH
8044,HCH
8045,HCH
8046,HCH
8047,P
8048,P
8049,HPH
8050,HPH
8051,HPH
8052,HPH
8053,HPH
8054,HPH
8055,HPH
8056,HPH
8057,HPH
8058,HPH
8059,P
8060,P
8061,HPH
8062,HPH
8063,HCH
8064,HCH
8065,HCH
8066,HCH
8067,HCH
8068,HCH
8069,HCH
8070,HCH
8071,P
8072,P
8073,HPH
8074,HPH
8075,HPH
8076,HPH
8077,HPH
8078,HPH
8079,HPH
8080,HPH
8081,HPH
8082,HPH
8083,P
8084,P
8085,HPH
8086,HPH
8087,HCH
8088,HCH
8089,HCH
8090,HCH
8091,HCH
8092,HCH
8093,HCH
8094,HCH
8095,P
8096,P
8097,HPH
8098,HPH
8099,HPH
8100,HPH
8101,HPH
8102,HPH
8103,HPH
8104,HPH
8105,HPH
8106,HPH
8107,P
8108,P
8109,HPH
8110,HPH
8111,HCH
8112,HCH
8113,HCH
8114,HCH
8115,HCH
8116,HCH
8117,HCH
8118,HCH
8119,P
8120,P
8121,HPH
8122,HPH
8123,HPH
8124,HPH
8125,HPH
8126,HPH
8127,HPH
8128,HPH
8129,HPH
8130,HPH
8131,P
8132,P
8133,HPH
8134,HPH
8135,HCH
8136,HCH
8137,HCH
8138,HCH
8139,HCH
8140,HCH
8141,HCH
8142,HCH
8143,P
8144,P
8145,HPH
8146,HPH
8147,HPH
8148,HPH
8149,HPH
8150,HPH
8151,HPH
8152,HPH
8153,HPH
8154,HPH
8155,P
8156,P
8157,HPH
8158,HPH
8159,HCH
8160,HCH
8161,HCH
8162,HCH
8163,HCH
8164,HCH
8165,HCH
8166,HCH
8167,P
8168,P
8169,HPH
8170,HPH
8171,HPH
8172,HPH
8173,HPH
8174,HPH
8175,HPH
8176,HPH
8177,HPH
8178,HPH
8179,P
8180,P
8181,HPH
8182,HPH
8183,HCH
8184,HCH
8185,HCH
8186,HCH
8187,HCH
8188,HCH
8189,HCH
8190,HCH
8191,P
8192,P
8193,HPH
8194,HPH
8195,HPH
8196,HPH
8197,HPH
8198,HPH
8199,HPH
8200,HPH
8201,HPH
8202,HPH
8203,P
8204,P
8205,HPH
8206,HPH
8207,HCH
8208,HCH
8209,HCH
8210,HCH
8211,HCH
8212,HCH
8213,HCH
8214,HCH
8215,P
8216,P
8217,HPH
8218,HPH
8219,HPH
8220,HPH
8221,HPH
8222,HPH
8223,HPH
8224,HPH
8225,HPH
8226,HPH
8227,P
8228,P
8229,HPH
8230,HPH
8231,HCH
8232,HCH
8233,HCH
8234,HCH
8235,HCH
8236,HCH
8237,HCH
8238,HCH
8239,P
8240,P
8241,HPH
8242,HPH
8243,HPH
8244,HPH
8245,HPH
8246,HPH
8247,HPH
8248,HPH
8249,HPH
8250,HPH
8251,P
8252,P
8253,HPH
8254,HPH
8255,HCH
8256,HCH
8257,HCH
8258,HCH
8259,HCH
8260,HCH
8261,HCH
8262,HCH
8263,P
8264,P
8265,HPH
8266,HPH
8267,HPH
8268,HPH
8269,HPH
8270,HPH
8271,HPH
8272,HPH
8273,HPH
8274,HPH
8275,P
8276,P
8277,HPH
8278,HPH
8279,HCH
8280,HCH
8281,HCH
8282,HCH
8283,HCH
8284,HCH
8285,HCH
8286,HCH
8287,P
8288,P
8289,HPH
8290,HPH
8291,HPH
8292,HPH
8293,HPH
8294,HPH
8295,HPH
8296,HPH
8297,HPH
8298,HPH
8299,P
8300,P
8301,HPH
8302,HPH
8303,HCH
8304,HCH
8305,HCH
8306,HCH
8307,HCH
8308,HCH
8309,HCH
8310,HCH
8311,P
8312,P
8313,HPH
8314,HPH
8315,HPH
8316,HPH
8317,HPH
8318,HPH
8319,HPH
8320,HPH
8321,HPH
8322,HPH
8323,P
8324,P
8325,HPH
8326,HPH
8327,HCH
8328,HCH
8329,HCH
8330,HCH
8331,HCH
8332,HCH
8333,HCH
8334,HCH
8335,P
8336,P
8337,HPH
8338,HPH
8339,HPH
8340,HPH
8341,HPH
8342,HPH
8343,HPH
8344,HPH
8345,HPH
8346,HPH
8347,P
8348,P
8349,HPH
8350,HPH
8351,HCH
8352,HCH
8353,HCH
8354,HCH
8355,HCH
8356,HCH
8357,HCH
8358,HCH
8359,P
8360,P
8361,HPH
8362,HPH
8363,HPH
8364,HPH
8365,HPH
8366,HPH
8367,HPH
8368,HPH
8369,HPH
8370,HPH
8371,P
8372,P
8373,HPH
8374,HPH
8375,HCH
8376,HCH
8377,HCH
8378,HCH
8379,HCH
8380,HCH
8381,HCH
8382,HCH
8383,P
8384,P
8385,HPH
8386,HPH
8387,HPH
8388,HPH
8389,HPH
8390,HPH
8391,HPH
8392,HPH
8393,HPH
8394,HPH
8395,P
8396,P
8397,HPH
8398,HPH
8399,HCH
8400,HCH
8401,HCH
8402,HCH
8403,HCH
8404,HCH
8405,HCH
8406,HCH
8407,P
8408,P
8409,HPH
8410,HPH
8411,HPH
8412,HPH
8413,HPH
8414,HPH
8415,HPH
8416,HPH
8417,HPH
8418,HPH
8419,P
8420,P
8421,HPH
8422,HPH
8423,HCH
8424,HCH
8425,HCH
8426,HCH
8427,HCH
8428,HCH
8429,HCH
8430,HCH
8431,P
8432,P
8433,HPH
8434,HPH
8435,HPH
8436,HPH
8437,HPH
8438,HPH
8439,HPH
8440,HPH
8441,HPH
8442,HPH
8443,P
8444,P
8445,HPH
8446,HPH
8447,HCH
8448,HCH
8449,HCH
8450,HCH
8451,HCH
8452,HCH
8453,HCH
8454,HCH
8455,P
8456,P
8457,HPH
8458,HPH
8459,HPH
8460,HPH
8461,HPH
8462,HPH
8463,HPH
8464,HPH
8465,HPH
8466,HPH
8467,P
8468,P
8469,HPH
8470,HPH
8471,HCH
8472,HCH
8473,HCH
8474,HCH
8475,HCH
8476,HCH
8477,HCH
8478,HCH
8479,P
8480,P
8481,HPH
8482,HPH
8483,HPH
8484,HPH
8485,HPH
8486,HPH
8487,HPH
8488,HPH
8489,HPH
8490,HPH
8491,P
8492,P
8493,HPH
8494,HPH
8495,HCH
8496,HCH
8497,HCH
8498,HCH
8499,HCH
8500,HCH
8501,HCH
8502,HCH
8503,P
8504,P
8505,HPH
8506,HPH
8507,HPH
8508,HPH
8509,HPH
8510,HPH
8511,HPH
8512,HPH
8513,HPH
8514,HPH
8515,P
8516,P
8517,HPH
8518,HPH
8519,HCH
8520,HCH
8521,HCH
8522,HCH
8523,HCH
8524,HCH
8525,HCH
8526,HCH
8527,P
8528,P
8529,HPH
8530,HPH
8531,HPH
8532,HPH
8533,HPH
8534,HPH
8535,HPH
8536,HPH
8537,HPH
8538,HPH
8539,P
8540,P
8541,HPH
8542,HPH
8543,HCH
8544,HCH
8545,HCH
8546,HCH
8547,HCH
8548,HCH
8549,HCH
8550,HCH
8551,P
8552,P
8553,HPH
8554,HPH
8555,HPH
8556,HPH
8557,HPH
8558,HPH
8559,HPH
8560,HPH
8561,HPH
8562,HPH
8563,P
8564,P
8565,HPH
8566,HPH
8567,HCH
8568,HCH
8569,HCH
8570,HCH
8571,HCH
8572,HCH
8573,HCH
8574,HCH
8575,P
8576,P
8577,HPH
8578,HPH
8579,HPH
8580,HPH
8581,HPH
8582,HPH
8583,HPH
8584,HPH
8585,HPH
8586,HPH
8587,P
8588,P
8589,HPH
8590,HPH
8591,HCH
8592,HCH
8593,HCH
8594,HCH
8595,HCH
8596,HCH
8597,HCH
8598,HCH
8599,P
8600,P
8601,HPH
8602,HPH
8603,HPH
8604,HPH
8605,HPH
8606,HPH
8607,HPH
8608,HPH
8609,HPH
8610,HPH
8611,P
8612,P
8613,HPH
8614,HPH
8615,HCH
8616,HCH
8617,HCH
8618,HCH
8619,HCH
8620,HCH
8621,HCH
8622,HCH
8623,P
8624,P
8625,HPH
8626,HPH
8627,HPH
8628,HPH
8629,HPH
8630,HPH
8631,HPH
8632,HPH
8633,HPH
8634,HPH
8635,P
8636,P
8637,HPH
8638,HPH
8639,HCH
8640,HCH
8641,HCH
8642,HCH
8643,HCH
8644,HCH
8645,HCH
8646,HCH
8647,P
8648,P
8649,HPH
8650,HPH
8651,HPH
8652,HPH
8653,HPH
8654,HPH
8655,HPH
8656,HPH
8657,HPH
8658,HPH
8659,P
8660,P
8661,HPH
8662,HPH
8663,HCH
8664,HCH
8665,HCH
8666,HCH
8667,HCH
8668,HCH
8669,HCH
8670,HCH
8671,P
8672,P
8673,HPH
8674,HPH
8675,HPH
8676,HPH
8677,HPH
8678,HPH
8679,HPH
8680,HPH
8681,HPH
8682,HPH
8683,P
8684,P
8685,HPH
8686,HPH
8687,HCH
8688,HCH
8689,HCH
8690,HCH
8691,HCH
8692,HCH
8693,HCH
8694,HCH
8695,P
8696,P
8697,HPH
8698,HPH
8699,HPH
8700,HPH
8701,HPH
8702,HPH
8703,HPH
8704,HPH
8705,HPH
8706,HPH
8707,P
8708,P
8709,HPH
8710,HPH
8711,HCH
8712,HCH
8713,HCH
8714,HCH
8715,HCH
8716,HCH
8717,HCH
8718,HCH
8719,P
8720,P
8721,HPH
8722,HPH
8723,HPH
8724,HPH
8725,HPH
8726,HPH
8727,HPH
8728,HPH
8729,HPH
8730,HPH
8731,P
8732,P
8733,HPH
8734,HPH
8735,HCH
8736,HCH
8737,HCH
8738,HCH
8739,HCH
8740,HCH
8741,HCH
8742,HCH
8743,P
8744,P
8745,HPH
8746,HPH
8747,HPH
8748,HPH
8749,HPH
8750,HPH
8751,HPH
8752,HPH
8753,HPH
8754,HPH
8755,P
8756,P
8757,HPH
8758,HPH
8759,HCH
8760,HCH
